ordinal,test_id,setup_seconds,call_seconds,teardown_seconds,setup_outcome,call_outcome,teardown_outcome,end_elapsed_seconds
1,tests/test_acceptance_runner.py::test_whole_acceptance_never_passes_and_missing_tests_are_incomplete,0.001523,0.000604,0.000366,passed,passed,passed,0.5504
2,tests/test_acceptance_runner.py::test_fixed_bindings_complete_unique_and_safe,0.000303,0.004129,0.000295,passed,passed,passed,0.5559
3,tests/test_acceptance_runner.py::test_sources_archive_integrity,0.000335,0.000697,0.00032,passed,passed,passed,0.5579
4,tests/test_account_rate.py::test_thirty_first_immediate_send_denied_and_unsent_refunded,0.702666,0.472442,0.00668,passed,passed,passed,1.7406
5,tests/test_account_rate.py::test_exact_sixty_second_boundary_and_same_unsent_work_retry,0.127554,0.078002,0.012513,passed,passed,passed,1.9599
6,tests/test_account_rate.py::test_held_and_inflight_do_not_expire_delayed_send_cooldown_from_finish,0.12853,0.118086,0.006178,passed,passed,passed,2.2138
7,tests/test_account_rate.py::test_release_unsent_held_slot_once_no_refund_sent_or_unknown,0.137433,0.081352,0.006516,passed,passed,passed,2.4404
8,tests/test_account_rate.py::test_reopened_unsent_work_fences_old_generation,0.144013,0.074957,0.00601,passed,passed,passed,2.6664
9,tests/test_account_rate.py::test_lowered_rate_rechecked_at_dispatch_and_zero_disables,0.13487,0.083528,0.006493,passed,passed,passed,2.8924
10,tests/test_account_rate.py::test_coordinator_upgrade_idempotent_and_sent_history_preserved,0.136019,0.047799,0.006043,passed,passed,passed,3.0833
11,tests/test_account_rate.py::test_clock_rewind_blocks_send_and_finish_is_conservative,0.133336,0.098955,0.005959,passed,passed,passed,3.3228
12,tests/test_account_rate.py::test_cross_worker_account_admission_atomic,0.130956,0.331007,0.006259,passed,passed,passed,3.792
13,tests/test_account_rate.py::test_two_synthetic_products_same_coordinator_share_thirty_slots,0.129839,0.329939,0.005772,passed,passed,passed,4.2584
14,tests/test_account_rate.py::test_clock_and_rate_policy_owner_only_live_ignores_synthetic_clock,0.128618,0.030738,0.005764,passed,passed,passed,4.4247
15,tests/test_account_rate.py::test_live_config_presence_checks_names_only,0.000571,0.000409,0.000302,passed,passed,passed,4.4266
16,tests/test_account_rate.py::test_live_config_presence_checks_names_only,0.000467,0.000378,0.000299,passed,passed,passed,4.4284
17,tests/test_account_rate.py::test_live_missing_names_fail_closed,0.000487,0.000416,0.000286,passed,passed,passed,4.4302
18,tests/test_account_rate.py::test_live_missing_names_fail_closed,0.000535,0.000349,0.000356,passed,passed,passed,4.4319
19,tests/test_account_rate.py::test_live_missing_names_fail_closed,0.000443,0.000404,0.000322,passed,passed,passed,4.4336
20,tests/test_account_rate.py::test_live_each_explicit_precondition_required,0.000437,0.000429,0.000294,passed,passed,passed,4.4353
21,tests/test_account_rate.py::test_live_each_explicit_precondition_required,0.000593,0.000339,0.000288,passed,passed,passed,4.4371
22,tests/test_account_rate.py::test_live_each_explicit_precondition_required,0.000476,0.00034,0.000347,passed,passed,passed,4.4388
23,tests/test_account_rate.py::test_live_each_explicit_precondition_required,0.000443,0.000334,0.000281,passed,passed,passed,4.4404
24,tests/test_account_rate.py::test_live_each_explicit_precondition_required,0.000439,0.000344,0.000311,passed,passed,passed,4.442
25,tests/test_account_rate.py::test_live_each_explicit_precondition_required,0.000469,0.000343,0.000313,passed,passed,passed,4.4436
26,tests/test_account_rate.py::test_live_each_explicit_precondition_required,0.00044,0.000345,0.00028,passed,passed,passed,4.4452
27,tests/test_account_rate.py::test_default_live_off_does_not_even_iterate_names,0.000466,0.000336,0.000416,passed,passed,passed,4.4471
28,tests/test_account_rate.py::test_rate_deferred_feedback_resumes_no_duplicate_case_or_plan,0.128178,0.221503,0.006112,passed,passed,passed,4.8036
29,tests/test_account_rate.py::test_rate_denial_retry_is_bounded_three_attempts_known_effect_preserved,0.126015,0.275968,0.006036,passed,passed,passed,5.2125
30,tests/test_acl_readonly.py::test_readonly_acl_script_direct_SIDs_and_fail_closed,0.001052,0.470062,0.000706,passed,passed,passed,5.6854
31,tests/test_acl_readonly.py::test_readonly_acl_script_direct_SIDs_and_fail_closed,0.001234,0.466669,0.000652,passed,passed,passed,6.1553
32,tests/test_acl_readonly.py::test_readonly_acl_script_direct_SIDs_and_fail_closed,0.000968,0.482607,0.000635,passed,passed,passed,6.6407
33,tests/test_acl_readonly.py::test_readonly_acl_script_direct_SIDs_and_fail_closed,0.001155,0.465739,0.000768,passed,passed,passed,7.1092
34,tests/test_acl_readonly.py::test_readonly_acl_script_direct_SIDs_and_fail_closed,0.000833,0.477979,0.00046,passed,passed,passed,7.5894
35,tests/test_acl_readonly.py::test_readonly_acl_script_direct_SIDs_and_fail_closed,0.000787,0.520658,0.000513,passed,passed,passed,8.1124
36,tests/test_acl_readonly.py::test_readonly_acl_script_direct_SIDs_and_fail_closed,0.001014,0.4808,0.000436,passed,passed,passed,8.5955
37,tests/test_acl_readonly.py::test_readonly_acl_script_direct_SIDs_and_fail_closed,0.000816,0.477118,0.000554,passed,passed,passed,9.0748
38,tests/test_acl_readonly.py::test_readonly_acl_script_direct_SIDs_and_fail_closed,0.000851,0.487309,0.000473,passed,passed,passed,9.5643
39,tests/test_acl_readonly.py::test_readonly_acl_script_direct_SIDs_and_fail_closed,0.00114,0.534542,0.00055,passed,passed,passed,10.1019
40,tests/test_acl_readonly.py::test_acl_return_branches_use_existing_bounded_protocol_without_private_output,0.000968,0.000531,0.000304,passed,passed,passed,10.1044
41,tests/test_acl_readonly.py::test_acl_return_branches_use_existing_bounded_protocol_without_private_output,0.00069,0.00044,0.000288,passed,passed,passed,10.1064
42,tests/test_acl_readonly.py::test_acl_return_branches_use_existing_bounded_protocol_without_private_output,0.000675,0.000452,0.002126,passed,passed,passed,10.1102
43,tests/test_acl_readonly.py::test_acl_return_branches_use_existing_bounded_protocol_without_private_output,0.000784,0.000444,0.000626,passed,passed,passed,10.1126
44,tests/test_acl_readonly.py::test_acl_return_branches_use_existing_bounded_protocol_without_private_output,0.000686,0.000392,0.000293,passed,passed,passed,10.1146
45,tests/test_acl_readonly.py::test_acl_return_branches_use_existing_bounded_protocol_without_private_output,0.000666,0.00048,0.000286,passed,passed,passed,10.1166
46,tests/test_acl_readonly.py::test_setup_checks_created_config_and_sessions_without_acl_repair,0.000693,0.001111,0.00033,passed,passed,passed,10.1194
47,tests/test_acl_readonly.py::test_acl_reparse_root_refused_without_launch,0.000626,0.000387,0.000265,passed,passed,passed,10.1211
48,tests/test_acl_readonly.py::test_real_marker_before_buffer_flush_race_is_ordering_not_indefinite_wait,0.000657,0.036565,0.000334,passed,passed,passed,10.1592
49,tests/test_acl_readonly.py::test_real_marker_before_buffer_flush_race_is_ordering_not_indefinite_wait,0.000723,0.033845,0.000424,passed,passed,passed,10.1949
50,tests/test_acl_readonly.py::test_future_timeout_does_not_bound_executor_exit_controlled_release,0.000303,0.321444,0.000485,passed,passed,passed,10.5179
51,tests/test_acl_readonly.py::test_legacy_metadata_error_can_report_success_while_new_checker_refuses,0.001033,0.967724,0.00098,passed,passed,passed,11.4886
52,tests/test_acl_readonly.py::test_legacy_metadata_error_can_report_success_while_new_checker_refuses,0.001296,0.996599,0.000573,passed,passed,passed,12.488
53,tests/test_acl_readonly.py::test_legacy_metadata_error_can_report_success_while_new_checker_refuses,0.000955,1.116822,0.000583,passed,passed,passed,13.6075
54,tests/test_authorization_files.py::test_roles_assigned_status_only_no_self_elevation,0.651615,0.379186,0.22243,passed,passed,passed,14.8618
55,tests/test_authorization_files.py::test_roles_assigned_status_only_no_self_elevation,0.66984,0.390181,0.172584,passed,passed,passed,16.0957
56,tests/test_authorization_files.py::test_roles_assigned_status_only_no_self_elevation,0.675183,0.395886,0.221727,passed,passed,passed,17.3896
57,tests/test_authorization_files.py::test_cross_scope_even_with_misconfigured_assignment_zero_effect,0.675717,0.336209,0.121604,passed,passed,passed,18.5242
58,tests/test_authorization_files.py::test_cross_scope_even_with_misconfigured_assignment_zero_effect,0.625945,0.320377,0.222334,passed,passed,passed,19.6941
59,tests/test_authorization_files.py::test_queued_execution_rechecks_current_capability,0.614378,0.32293,0.221771,passed,passed,passed,20.8541
60,tests/test_authorization_files.py::test_queued_execution_rechecks_current_capability,0.617784,0.323576,0.221653,passed,passed,passed,22.0181
61,tests/test_authorization_files.py::test_queued_execution_rechecks_current_capability,0.631303,0.32467,0.173382,passed,passed,passed,23.1488
62,tests/test_authorization_files.py::test_outbox_revoked_before_consume_suppressed_after_delivery_retracted,0.683969,1.173433,0.222125,passed,passed,passed,25.2299
63,tests/test_authorization_files.py::test_outbox_field_grant_revoked_before_consume,0.665732,0.323396,0.171278,passed,passed,passed,26.3913
64,tests/test_authorization_files.py::test_outbox_ack_fault_rolls_back_delivery_monotonic_replay,0.129385,0.057699,0.006152,passed,passed,passed,26.5856
65,tests/test_authorization_files.py::test_logical_file_actual_http_attachment_scope_and_revoked_cache,1.111921,0.347954,0.386998,passed,passed,passed,28.4334
66,tests/test_authorization_files.py::test_windows_and_traversal_strings_are_not_file_ids,1.210631,0.0106,0.386273,passed,passed,passed,30.0426
67,tests/test_authorization_files.py::test_windows_and_traversal_strings_are_not_file_ids,1.144616,0.00973,0.387484,passed,passed,passed,31.5855
68,tests/test_authorization_files.py::test_windows_and_traversal_strings_are_not_file_ids,1.194465,0.010374,0.336126,passed,passed,passed,33.1278
69,tests/test_authorization_files.py::test_windows_and_traversal_strings_are_not_file_ids,1.171773,0.010224,0.286152,passed,passed,passed,34.5971
70,tests/test_authorization_files.py::test_windows_and_traversal_strings_are_not_file_ids,1.120813,0.009405,0.385332,passed,passed,passed,36.1136
71,tests/test_authorization_files.py::test_file_integrity_and_descriptor_boundary,1.276771,0.015437,0.2886,passed,passed,passed,37.6955
72,tests/test_authorization_files.py::test_file_integrity_and_descriptor_boundary,1.162306,0.011612,0.385808,passed,passed,passed,39.2563
73,tests/test_authorization_files.py::test_file_integrity_and_descriptor_boundary,1.162082,0.012138,0.40846,passed,passed,passed,40.8451
74,tests/test_authorization_files.py::test_file_integrity_and_descriptor_boundary,1.323172,0.014462,0.335692,passed,passed,passed,42.5244
75,tests/test_authorization_files.py::test_file_integrity_and_descriptor_boundary,1.23506,0.011949,0.335219,passed,passed,passed,44.1077
76,tests/test_authorization_files.py::test_application_cannot_self_grant_or_register_resource,0.135071,0.008185,0.005706,passed,passed,passed,44.2576
77,tests/test_authorization_files.py::test_native_windows_file_backend_gate,0.000333,,0.0003,skipped,,passed,44.2591
78,tests/test_authorization_files.py::test_action_grant_and_role_change_cannot_reuse_queued_identity,0.624337,0.683324,0.229185,passed,passed,passed,45.7969
79,tests/test_authorization_files.py::test_field_delivery_after_withdrawal_retracted,0.680393,0.651179,0.121822,passed,passed,passed,47.2515
80,tests/test_authorization_files.py::test_denied_file_authorization_never_opens_backend,0.129469,0.022536,0.005593,passed,passed,passed,47.4102
81,tests/test_authorization_files.py::test_fixture_writer_cannot_follow_configured_root_symlink,0.132304,0.012235,0.005745,passed,passed,passed,47.5613
82,tests/test_authorization_files.py::test_identity_scope_change_does_not_carry_old_grants,0.749128,0.339554,0.171454,passed,passed,passed,48.8226
83,tests/test_authorization_files.py::test_additive_unreleased_grant_scope_migration_preserves_withdrawal,0.133837,0.056119,0.006015,passed,passed,passed,49.0196
84,tests/test_authorization_files.py::test_insecure_private_directories_rejected_without_repair,1.110276,0.023022,0.286421,passed,passed,passed,50.4403
85,tests/test_authorization_files.py::test_insecure_private_directories_rejected_without_repair,1.210388,0.023869,0.386625,passed,passed,passed,52.0622
86,tests/test_authorization_files.py::test_insecure_private_directories_rejected_without_repair,1.178742,0.023624,0.335899,passed,passed,passed,53.6016
87,tests/test_authorization_files.py::test_private_directory_wrong_owner_and_new_minimum_mode,0.000916,0.000552,0.000285,passed,passed,passed,53.6042
88,tests/test_candidate_review.py::test_normal_cli_source_projection_questions_and_independent_hash,0.137783,0.329465,0.005959,passed,passed,passed,54.0783
89,tests/test_candidate_review.py::test_existing_assertion_history_not_promoted_or_overwritten,0.140699,0.045356,0.006149,passed,passed,passed,54.2715
90,tests/test_candidate_review.py::test_expired_source_and_empty_fields_unknown,0.128341,0.032943,0.005713,passed,passed,passed,54.4396
91,tests/test_candidate_review.py::test_cross_org_park_review_and_answer_denied,0.125971,0.048605,0.006038,passed,passed,passed,54.621
92,tests/test_candidate_review.py::test_cross_org_park_review_and_answer_denied,0.129559,0.048148,0.005922,passed,passed,passed,54.8055
93,tests/test_candidate_review.py::test_current_read_write_and_role_intersection,0.129853,0.070811,0.005998,passed,passed,passed,55.013
94,tests/test_candidate_review.py::test_assigned_status_role_never_reads_candidates,0.132744,0.046239,0.005698,passed,passed,passed,55.1987
95,tests/test_candidate_review.py::test_queued_revoke_no_review_side_effect,0.132558,0.026725,0.005769,passed,passed,passed,55.3646
96,tests/test_candidate_review.py::test_queued_revoke_no_review_side_effect,0.128859,0.028035,0.005882,passed,passed,passed,55.5283
97,tests/test_candidate_review.py::test_revocation_after_mock_projection_rechecked,0.204259,0.031607,0.005857,passed,passed,passed,55.7708
98,tests/test_candidate_review.py::test_control_during_mock_wait_old_fence_cannot_publish,0.129373,0.065011,0.00581,passed,passed,passed,55.9718
99,tests/test_candidate_review.py::test_control_during_mock_wait_old_fence_cannot_publish,0.140053,0.037697,0.00595,passed,passed,passed,56.1567
100,tests/test_candidate_review.py::test_mock_value_disagrees_preserve_source_and_stays_unknown,0.134105,0.032319,0.005724,passed,passed,passed,56.3296
101,tests/test_candidate_review.py::test_clarification_append_only_lineage_retry_conflict_and_cancel,0.134247,0.128538,0.007954,passed,passed,passed,56.6016
102,tests/test_candidate_review.py::test_missing_answer_becomes_only_unverified_not_known,0.138376,0.063116,0.006008,passed,passed,passed,56.8101
103,tests/test_candidate_review.py::test_answer_retry_rechecks_grants_and_rejects_out_of_review_field,0.135048,0.067273,0.006298,passed,passed,passed,57.0196
104,tests/test_candidate_review.py::test_cancel_queued_child_no_review_and_no_change_parent,0.138929,0.07001,0.005769,passed,passed,passed,57.2353
105,tests/test_candidate_review.py::test_review_transaction_failure_restart_fence_and_immutable_history,0.134037,0.071879,0.00572,passed,passed,passed,57.4479
106,tests/test_candidate_review.py::test_invalid_mock_projection_never_persisted,0.126264,0.026881,0.005651,passed,passed,passed,57.6076
107,tests/test_candidate_review.py::test_invalid_mock_projection_never_persisted,0.137803,0.02735,0.005937,passed,passed,passed,57.7797
108,tests/test_candidate_review.py::test_invalid_mock_projection_never_persisted,0.135134,0.02759,0.006955,passed,passed,passed,57.9503
109,tests/test_candidate_review.py::test_invalid_mock_projection_never_persisted,0.134062,0.026401,0.005879,passed,passed,passed,58.1176
110,tests/test_candidate_review.py::test_invalid_mock_projection_never_persisted,0.140014,0.029949,0.00769,passed,passed,passed,58.2964
111,tests/test_candidate_review.py::test_untrusted_candidate_contract_rejects_origin_promotion_new_field_real_source,0.225168,0.002532,0.007254,passed,passed,passed,58.5322
112,tests/test_candidate_review.py::test_untrusted_candidate_contract_rejects_origin_promotion_new_field_real_source,0.135266,0.002329,0.006513,passed,passed,passed,58.6772
113,tests/test_candidate_review.py::test_untrusted_candidate_contract_rejects_origin_promotion_new_field_real_source,0.131264,0.002262,0.006001,passed,passed,passed,58.8176
114,tests/test_candidate_review.py::test_untrusted_candidate_contract_rejects_origin_promotion_new_field_real_source,0.131704,0.002594,0.006203,passed,passed,passed,58.959
115,tests/test_candidate_review.py::test_concurrent_clarification_same_key_one_child,0.134245,0.05448,0.006021,passed,passed,passed,59.1547
116,tests/test_case_lifecycle.py::test_local_close_reopen_explicit_new_cycle_recheck_without_fulfillment,0.171635,0.34178,0.006403,passed,passed,passed,59.6756
117,tests/test_case_lifecycle.py::test_missing_evidence_and_legacy_receipt_cannot_close,0.161358,0.14852,0.006355,passed,passed,passed,59.9929
118,tests/test_case_lifecycle.py::test_changed_dependencies_block_validation_and_do_not_modify_records,0.171814,0.236394,0.006414,passed,passed,passed,60.4086
119,tests/test_case_lifecycle.py::test_changed_dependencies_block_validation_and_do_not_modify_records,0.222545,0.219279,0.006434,passed,passed,passed,60.859
120,tests/test_case_lifecycle.py::test_changed_dependencies_block_validation_and_do_not_modify_records,0.163335,0.238002,0.008789,passed,passed,passed,61.2703
121,tests/test_case_lifecycle.py::test_changed_dependencies_block_validation_and_do_not_modify_records,0.159022,0.243598,0.010835,passed,passed,passed,61.6849
122,tests/test_case_lifecycle.py::test_changed_dependencies_block_validation_and_do_not_modify_records,0.156837,0.207225,0.006444,passed,passed,passed,62.0565
123,tests/test_case_lifecycle.py::test_changed_dependencies_block_validation_and_do_not_modify_records,0.162875,0.245776,0.006106,passed,passed,passed,62.4722
124,tests/test_case_lifecycle.py::test_changed_dependencies_block_validation_and_do_not_modify_records,0.247438,0.207706,0.006058,passed,passed,passed,62.9342
125,tests/test_case_lifecycle.py::test_changed_dependencies_block_validation_and_do_not_modify_records,0.213708,0.223293,0.012608,passed,passed,passed,63.3848
126,tests/test_case_lifecycle.py::test_changed_dependencies_block_validation_and_do_not_modify_records,0.153138,0.20231,0.006147,passed,passed,passed,63.7474
127,tests/test_case_lifecycle.py::test_changed_dependencies_block_validation_and_do_not_modify_records,0.154228,0.208559,0.006388,passed,passed,passed,64.1176
128,tests/test_case_lifecycle.py::test_changed_dependencies_block_validation_and_do_not_modify_records,0.166941,0.201903,0.005838,passed,passed,passed,64.4932
129,tests/test_case_lifecycle.py::test_changed_dependencies_block_validation_and_do_not_modify_records,0.163679,0.202941,0.006379,passed,passed,passed,64.8672
130,tests/test_case_lifecycle.py::test_changed_dependencies_block_validation_and_do_not_modify_records,0.153773,0.197773,0.006218,passed,passed,passed,65.2259
131,tests/test_case_lifecycle.py::test_changed_dependencies_block_validation_and_do_not_modify_records,0.171065,0.230783,0.006699,passed,passed,passed,65.6355
132,tests/test_case_lifecycle.py::test_changed_dependencies_block_validation_and_do_not_modify_records,0.168132,0.207805,0.006034,passed,passed,passed,66.0184
133,tests/test_case_lifecycle.py::test_changed_dependencies_block_validation_and_do_not_modify_records,0.16122,0.213923,0.006159,passed,passed,passed,66.4007
134,tests/test_case_lifecycle.py::test_tenant_owner_and_assignment_read_write_isolation,0.161696,0.276905,0.005922,passed,passed,passed,66.8462
135,tests/test_case_lifecycle.py::test_tenant_owner_and_assignment_read_write_isolation,0.163821,0.251669,0.006293,passed,passed,passed,67.2694
136,tests/test_case_lifecycle.py::test_tenant_owner_and_assignment_read_write_isolation,0.167833,0.345842,0.006159,passed,passed,passed,67.7901
137,tests/test_case_lifecycle.py::test_tenant_owner_and_assignment_read_write_isolation,0.164481,0.261117,0.006367,passed,passed,passed,68.223
138,tests/test_case_lifecycle.py::test_tenant_owner_and_assignment_read_write_isolation,0.163541,0.274265,0.006147,passed,passed,passed,68.668
139,tests/test_case_lifecycle.py::test_legal_counterparties_read_only_minimal_state_and_no_private_payload,0.153301,0.281073,0.006405,passed,passed,passed,69.1096
140,tests/test_case_lifecycle.py::test_legal_counterparties_read_only_minimal_state_and_no_private_payload,0.162567,0.281705,0.006403,passed,passed,passed,69.5613
141,tests/test_case_lifecycle.py::test_owner_execute_revoked_prevents_replay_and_disables_actions,0.163152,0.22629,0.006459,passed,passed,passed,69.9584
142,tests/test_case_lifecycle.py::test_reopen_works_after_dependency_invalidity_and_preserves_close_history,0.16302,0.266503,0.006475,passed,passed,passed,70.3955
143,tests/test_case_lifecycle.py::test_reopen_works_after_dependency_invalidity_and_preserves_close_history,0.168411,0.277249,0.006208,passed,passed,passed,70.8483
144,tests/test_case_lifecycle.py::test_reopen_works_after_dependency_invalidity_and_preserves_close_history,0.171264,0.280216,0.006885,passed,passed,passed,71.3078
145,tests/test_case_lifecycle.py::test_reopen_works_after_dependency_invalidity_and_preserves_close_history,0.163278,0.29694,0.006037,passed,passed,passed,71.7752
146,tests/test_case_lifecycle.py::test_old_validation_and_close_replays_never_restore_reopened_cycle,0.161343,0.300345,0.006509,passed,passed,passed,72.2444
147,tests/test_case_lifecycle.py::test_binding_change_after_validation_requires_new_explicit_validation,0.163081,0.338906,0.006389,passed,passed,passed,72.7536
148,tests/test_case_lifecycle.py::test_concurrent_close_requests_atomic_one_event_or_same_key_replay,0.158727,0.445267,0.006623,passed,passed,passed,73.3652
149,tests/test_case_lifecycle.py::test_concurrent_close_requests_atomic_one_event_or_same_key_replay,0.168535,0.299904,0.006939,passed,passed,passed,73.8417
150,tests/test_case_lifecycle.py::test_close_and_reopen_with_stale_same_revision_cannot_both_commit,0.176209,0.36226,0.006105,passed,passed,passed,74.3875
151,tests/test_case_lifecycle.py::test_event_failure_rolls_back_case_state_and_validation_ledger,0.16575,0.23726,0.006387,passed,passed,passed,74.7978
152,tests/test_case_lifecycle.py::test_repeat_migration_minimal_permissions_and_no_fulfilled_state,0.224905,0.319289,0.008853,passed,passed,passed,75.3541
153,tests/test_case_lifecycle.py::test_resource_ends_while_close_waits_for_case_lock,0.160769,1.376537,0.006632,passed,passed,passed,76.8991
154,tests/test_case_lifecycle.py::test_close_and_dependency_change_have_serializable_effects,0.215787,0.399003,0.00659,passed,passed,passed,77.5227
155,tests/test_case_lifecycle.py::test_close_and_dependency_change_have_serializable_effects,0.19074,0.566617,0.006773,passed,passed,passed,78.2879
156,tests/test_case_lifecycle.py::test_version_15_upgrade_preserves_existing_preparation_dispatch_receipt_resources,0.189883,0.315007,0.00905,passed,passed,passed,78.8028
157,tests/test_case_resources.py::test_persistent_association_replay_cancel_does_not_close_case,0.167452,0.269037,0.068867,passed,passed,passed,79.3093
158,tests/test_case_resources.py::test_owner_role_scope_intersection,0.24708,0.182461,0.008656,passed,passed,passed,79.7486
159,tests/test_case_resources.py::test_owner_role_scope_intersection,0.16537,0.235023,0.00743,passed,passed,passed,80.1575
160,tests/test_case_resources.py::test_owner_role_scope_intersection,0.264626,0.224557,0.00641,passed,passed,passed,80.6543
161,tests/test_case_resources.py::test_owner_role_scope_intersection,0.410248,0.238424,0.016331,passed,passed,passed,81.3205
162,tests/test_case_resources.py::test_owner_role_scope_intersection,0.264586,0.204585,0.009093,passed,passed,passed,81.7998
163,tests/test_case_resources.py::test_current_revocation_precedes_old_key_replay,0.2896,0.193462,0.007131,passed,passed,passed,82.2909
164,tests/test_case_resources.py::test_current_revocation_precedes_old_key_replay,0.195828,0.160278,0.007752,passed,passed,passed,82.6558
165,tests/test_case_resources.py::test_current_revocation_precedes_old_key_replay,0.185102,0.187088,0.011002,passed,passed,passed,83.04
166,tests/test_case_resources.py::test_current_revocation_precedes_old_key_replay,0.198737,0.197517,0.006437,passed,passed,passed,83.4436
167,tests/test_case_resources.py::test_current_revocation_precedes_old_key_replay,0.199017,0.221506,0.008134,passed,passed,passed,83.8733
168,tests/test_case_resources.py::test_preparation_reopen_requires_explicit_rebind_preserves_resource_capacity,0.255979,0.223603,0.006998,passed,passed,passed,84.361
169,tests/test_case_resources.py::test_unusable_combo_cannot_create_claim_or_link,0.164323,0.189031,0.005868,passed,passed,passed,84.7211
170,tests/test_case_resources.py::test_unusable_combo_cannot_create_claim_or_link,0.245781,0.181566,0.011389,passed,passed,passed,85.1608
171,tests/test_case_resources.py::test_unusable_combo_cannot_create_claim_or_link,0.183278,0.203216,0.00622,passed,passed,passed,85.5544
172,tests/test_case_resources.py::test_unusable_combo_cannot_create_claim_or_link,0.185911,0.173339,0.014998,passed,passed,passed,85.9297
173,tests/test_case_resources.py::test_stale_revision_and_key_fingerprint_rejected,0.285153,0.256547,0.006634,passed,passed,passed,86.479
174,tests/test_case_resources.py::test_concurrent_same_combination_claim_or_same_case_cas,0.266435,0.178847,0.013787,passed,passed,passed,86.9389
175,tests/test_case_resources.py::test_concurrent_same_combination_claim_or_same_case_cas,0.353513,0.278717,0.007088,passed,passed,passed,87.5792
176,tests/test_case_resources.py::test_insert_failure_rolls_back_claim_and_history,0.180936,0.17841,0.012753,passed,passed,passed,87.9523
177,tests/test_case_resources.py::test_immutable_tables_and_marker_repeat_preserve_history,0.170503,0.205359,0.007781,passed,passed,passed,88.3371
178,tests/test_case_resources.py::test_read_only_history_and_candidate_operation_authorization,0.166489,0.186761,0.007929,passed,passed,passed,88.6995
179,tests/test_case_resources.py::test_read_only_history_and_candidate_operation_authorization,0.166016,0.184918,0.007345,passed,passed,passed,89.0587
180,tests/test_case_resources.py::test_same_key_concurrency_and_cross_case_fingerprint,0.167499,0.272877,0.009416,passed,passed,passed,89.5096
181,tests/test_case_resources.py::test_bind_cancel_race_has_serial_history_without_half_claim,0.163397,0.186971,0.011829,passed,passed,passed,89.873
182,tests/test_case_resources.py::test_replacement_retains_old_claim_capacity_and_history_read_only,0.220636,0.423728,0.008638,passed,passed,passed,90.5269
183,tests/test_case_resources.py::test_real_schema13_upgrade_preserves_existing_preparation_and_combination,0.186626,0.259978,0.007459,passed,passed,passed,90.982
184,tests/test_case_resources.py::test_confirmed_reservation_survives_hold_ttl_but_hold_id_is_not_combo,0.160985,0.225437,0.008675,passed,passed,passed,91.3781
185,tests/test_case_resources.py::test_read_reopen_race_returns_coherent_preparation_snapshot,0.156972,0.232045,0.00739,passed,passed,passed,91.7755
186,tests/test_case_resources.py::test_resource_window_ends_during_case_lock_wait_rejects_new_association,0.293574,1.270196,0.00637,passed,passed,passed,93.3468
187,tests/test_ci_cleanup.py::test_phase_environment_only_reads_required_configuration,0.000574,0.000598,0.000276,passed,passed,passed,93.349
188,tests/test_ci_cleanup.py::test_phase_environment_only_reads_required_configuration,0.000654,0.000555,0.000273,passed,passed,passed,93.3511
189,tests/test_ci_cleanup.py::test_phase_environment_only_reads_required_configuration,0.000451,0.00048,0.000295,passed,passed,passed,93.3528
190,tests/test_ci_cleanup.py::test_phase_environment_only_reads_required_configuration,0.000435,0.000477,0.000302,passed,passed,passed,93.3546
191,tests/test_ci_cleanup.py::test_phase_environment_only_reads_required_configuration,0.000424,0.000446,0.00026,passed,passed,passed,93.3563
192,tests/test_ci_cleanup.py::test_phase_environment_only_reads_required_configuration,0.000457,0.000421,0.00026,passed,passed,passed,93.3579
193,tests/test_ci_cleanup.py::test_phase_environment_only_reads_required_configuration,0.000419,0.00043,0.000282,passed,passed,passed,93.3596
194,tests/test_ci_cleanup.py::test_phase_environment_only_reads_required_configuration,0.000415,0.000433,0.000263,passed,passed,passed,93.3612
195,tests/test_ci_cleanup.py::test_phase_environment_only_reads_required_configuration,0.000439,0.000506,0.000432,passed,passed,passed,93.3634
196,tests/test_ci_cleanup.py::test_owner_or_indirect_app_binding_refused,0.000531,0.000724,0.000429,passed,passed,passed,93.3656
197,tests/test_ci_cleanup.py::test_owner_or_indirect_app_binding_refused,0.000353,0.000876,0.000423,passed,passed,passed,93.3677
198,tests/test_ci_cleanup.py::test_owner_or_indirect_app_binding_refused,0.000489,0.000568,0.000404,passed,passed,passed,93.3697
199,tests/test_ci_cleanup.py::test_owner_or_indirect_app_binding_refused,0.000489,0.000663,0.000401,passed,passed,passed,93.3717
200,tests/test_ci_cleanup.py::test_owner_or_indirect_app_binding_refused,0.000469,0.000685,0.000412,passed,passed,passed,93.3737
201,tests/test_ci_cleanup.py::test_browser_timeout_cleanup_order_preserves_primary,0.000404,0.001694,0.000446,passed,passed,passed,93.3768
202,tests/test_ci_cleanup.py::test_browser_timeout_cleanup_order_preserves_primary,0.000569,0.000916,0.000429,passed,passed,passed,93.3793
203,tests/test_ci_cleanup.py::test_browser_timeout_cleanup_order_preserves_primary,0.000575,0.000878,0.00045,passed,passed,passed,93.3817
204,tests/test_ci_cleanup.py::test_api_worker_environment_uses_same_minimal_filter,0.000401,0.020867,0.00045,passed,passed,passed,93.4039
205,tests/test_ci_cleanup.py::test_cluster_control_faults_with_no_real_postgres,0.001106,0.699443,0.000666,passed,passed,passed,94.1059
206,tests/test_ci_cleanup.py::test_actual_api_and_worker_launch_arguments_have_no_owner_env,0.001053,0.001475,0.000504,passed,passed,passed,94.1096
207,tests/test_ci_cleanup.py::test_browser_timeout_stops_owned_services_and_keeps_independent_phases,0.000613,0.007531,0.000623,passed,passed,passed,94.119
208,tests/test_ci_cleanup.py::test_browser_cleanup_fault_is_visible_and_never_hides_primary,0.000537,0.001345,0.00034,passed,passed,passed,94.1218
209,tests/test_ci_cleanup.py::test_browser_cleanup_fault_is_visible_and_never_hides_primary,0.001001,0.001054,0.000446,passed,passed,passed,94.1248
210,tests/test_ci_cleanup.py::test_browser_cleanup_fault_is_visible_and_never_hides_primary,0.00049,0.001104,0.000411,passed,passed,passed,94.1273
211,tests/test_ci_cleanup.py::test_successful_browser_body_cleanup_failure_reaches_safe_suite_summary,0.000496,0.000979,0.000403,passed,passed,passed,94.1298
212,tests/test_ci_cleanup.py::test_successful_browser_body_cleanup_failure_reaches_safe_suite_summary,0.00057,0.001026,0.00038,passed,passed,passed,94.1325
213,tests/test_ci_diagnostics.py::test_failure_ids_use_exact_allowlist_drop_parameters_and_private_xml,0.001076,0.00465,0.000396,passed,passed,passed,94.1394
214,tests/test_ci_diagnostics.py::test_junit_path_reference_refused_without_echo,0.000748,0.000688,0.000453,passed,passed,passed,94.142
215,tests/test_ci_diagnostics.py::test_junit_path_reference_refused_without_echo,0.00086,0.000701,0.00041,passed,passed,passed,94.1445
216,tests/test_ci_diagnostics.py::test_junit_path_reference_refused_without_echo,0.000925,0.000688,0.000427,passed,passed,passed,94.1472
217,tests/test_ci_diagnostics.py::test_junit_path_reference_refused_without_echo,0.000777,0.000768,0.000378,passed,passed,passed,94.1496
218,tests/test_ci_diagnostics.py::test_junit_path_reference_refused_without_echo,0.000961,0.000893,0.000427,passed,passed,passed,94.1526
219,tests/test_ci_diagnostics.py::test_junit_path_reference_refused_without_echo,0.000946,0.000809,0.000406,passed,passed,passed,94.1555
220,tests/test_ci_diagnostics.py::test_junit_path_reference_refused_without_echo,0.000914,0.000773,0.000366,passed,passed,passed,94.1583
221,tests/test_ci_diagnostics.py::test_junit_path_reference_refused_without_echo,0.000959,0.000753,0.000364,passed,passed,passed,94.1611
222,tests/test_ci_diagnostics.py::test_junit_path_reference_refused_without_echo,0.00068,0.000618,0.000291,passed,passed,passed,94.1632
223,tests/test_ci_diagnostics.py::test_malformed_xml_entities_or_unknown_root_are_refused,0.000666,0.001455,0.000298,passed,passed,passed,94.1663
224,tests/test_ci_diagnostics.py::test_malformed_xml_entities_or_unknown_root_are_refused,0.000782,0.001466,0.00028,passed,passed,passed,94.1694
225,tests/test_ci_diagnostics.py::test_malformed_xml_entities_or_unknown_root_are_refused,0.000637,0.001502,0.000286,passed,passed,passed,94.1724
226,tests/test_ci_diagnostics.py::test_missing_oversize_and_case_limits_are_visible,0.000623,0.003227,0.000293,passed,passed,passed,94.1771
227,tests/test_ci_diagnostics.py::test_truncated_allowlisted_ids_preserve_failure_counts,0.000605,0.002661,0.000285,passed,passed,passed,94.1812
228,tests/test_ci_diagnostics.py::test_exception_categories_phases_and_cleanup_are_allowlisted_bounded,0.000297,0.000575,0.000334,passed,passed,passed,94.183
229,tests/test_ci_diagnostics.py::test_counts_refuse_unsafe_types_extra_keys_and_bounds,0.000655,0.000651,0.000407,passed,passed,passed,94.1852
230,tests/test_ci_diagnostics.py::test_counts_refuse_unsafe_types_extra_keys_and_bounds,0.000653,0.000685,0.000264,passed,passed,passed,94.1873
231,tests/test_ci_diagnostics.py::test_counts_refuse_unsafe_types_extra_keys_and_bounds,0.000636,0.000639,0.000265,passed,passed,passed,94.1894
232,tests/test_ci_diagnostics.py::test_counts_refuse_unsafe_types_extra_keys_and_bounds,0.000737,0.000947,0.000286,passed,passed,passed,94.192
233,tests/test_ci_diagnostics.py::test_browser_summary_drops_external_versions_text_and_unknown_fields,0.000263,0.000549,0.000383,passed,passed,passed,94.1937
234,tests/test_ci_diagnostics.py::test_committed_allowlist_exactly_matches_trusted_test_functions,0.000271,0.19819,0.000397,passed,passed,passed,94.3932
235,tests/test_ci_diagnostics.py::test_browser_binding_failure_has_explicit_phase_without_path,0.000767,0.000965,0.000285,passed,passed,passed,94.396
236,tests/test_ci_diagnostics.py::test_suite_publishes_allowlisted_failures_in_job_summary_and_keeps_exit_failure,0.00082,0.004228,0.000327,passed,passed,passed,94.402
237,tests/test_ci_diagnostics.py::test_suite_publishes_allowlisted_failures_in_job_summary_and_keeps_exit_failure,0.000796,0.003271,0.000491,passed,passed,passed,94.4072
238,tests/test_ci_diagnostics.py::test_suite_publishes_allowlisted_failures_in_job_summary_and_keeps_exit_failure,0.000892,0.003884,0.000522,passed,passed,passed,94.413
239,tests/test_ci_diagnostics.py::test_suite_publishes_allowlisted_failures_in_job_summary_and_keeps_exit_failure,0.000886,0.008503,0.000446,passed,passed,passed,94.4234
240,tests/test_ci_diagnostics.py::test_suite_publishes_allowlisted_failures_in_job_summary_and_keeps_exit_failure,0.000911,0.002943,0.000464,passed,passed,passed,94.4283
241,tests/test_ci_diagnostics.py::test_suite_publishes_allowlisted_failures_in_job_summary_and_keeps_exit_failure,0.000853,0.002841,0.000506,passed,passed,passed,94.433
242,tests/test_ci_diagnostics.py::test_preflight_missing_configuration_emits_safe_phase_instead_of_raw_key,0.000816,0.001168,0.000476,passed,passed,passed,94.436
243,tests/test_ci_diagnostics.py::test_non_utf8_xml_is_refused_even_without_bom,0.000806,0.00147,0.000504,passed,passed,passed,94.4393
244,tests/test_ci_diagnostics.py::test_non_utf8_xml_is_refused_even_without_bom,0.000848,0.002119,0.000443,passed,passed,passed,94.4433
245,tests/test_ci_diagnostics.py::test_non_utf8_xml_is_refused_even_without_bom,0.000813,0.002056,0.000433,passed,passed,passed,94.4472
246,tests/test_ci_diagnostics.py::test_non_utf8_xml_is_refused_even_without_bom,0.000851,0.001497,0.000449,passed,passed,passed,94.4505
247,tests/test_ci_diagnostics.py::test_non_utf8_xml_is_refused_even_without_bom,0.000837,0.001435,0.000451,passed,passed,passed,94.4538
248,tests/test_ci_diagnostics.py::test_non_utf8_xml_is_refused_even_without_bom,0.001092,0.001455,0.000284,passed,passed,passed,94.4571
249,tests/test_ci_diagnostics.py::test_non_utf8_declared_xml_is_refused,0.00079,0.001834,0.000459,passed,passed,passed,94.4607
250,tests/test_ci_diagnostics.py::test_unavailable_allowlist_is_constant_and_does_not_echo,0.000835,0.000962,0.000295,passed,passed,passed,94.4633
251,tests/test_ci_diagnostics.py::test_unavailable_allowlist_is_constant_and_does_not_echo,0.000882,0.001018,0.000527,passed,passed,passed,94.4663
252,tests/test_ci_diagnostics.py::test_unavailable_allowlist_is_constant_and_does_not_echo,0.000986,0.001038,0.000529,passed,passed,passed,94.4694
253,tests/test_ci_diagnostics.py::test_unavailable_allowlist_is_constant_and_does_not_echo,0.000943,0.001075,0.000584,passed,passed,passed,94.4726
254,tests/test_ci_diagnostics.py::test_report_malformed_non_mapping_and_size_are_rejected,0.000886,0.000926,0.000533,passed,passed,passed,94.4754
255,tests/test_ci_diagnostics.py::test_report_malformed_non_mapping_and_size_are_rejected,0.000909,0.000871,0.00052,passed,passed,passed,94.4783
256,tests/test_ci_diagnostics.py::test_report_malformed_non_mapping_and_size_are_rejected,0.000965,0.000834,0.000504,passed,passed,passed,94.4812
257,tests/test_ci_diagnostics.py::test_report_malformed_non_mapping_and_size_are_rejected,0.004664,0.001725,0.001072,passed,passed,passed,94.4948
258,tests/test_ci_diagnostics.py::test_overlong_junit_fields_are_unknown_without_echo,0.000732,0.001641,0.000414,passed,passed,passed,94.4983
259,tests/test_ci_diagnostics.py::test_linked_private_junit_is_refused,0.000717,0.001233,0.000418,passed,passed,passed,94.5012
260,tests/test_controlled_plans.py::test_real_fixed_four_step_persistence_no_original_goal_fulfillment,0.162822,0.420728,0.006357,passed,passed,passed,95.0921
261,tests/test_controlled_plans.py::test_existing_api_cannot_bypass_order_and_replays_do_not_revalidate,0.164743,0.419912,0.005988,passed,passed,passed,95.6838
262,tests/test_controlled_plans.py::test_upstream_invalidation_keeps_history_and_actual_business,0.158129,0.430437,0.005855,passed,passed,passed,96.2791
263,tests/test_controlled_plans.py::test_upstream_invalidation_keeps_history_and_actual_business,0.153617,0.389325,0.006482,passed,passed,passed,96.8294
264,tests/test_controlled_plans.py::test_upstream_invalidation_keeps_history_and_actual_business,0.1973,0.411479,0.006064,passed,passed,passed,97.4451
265,tests/test_controlled_plans.py::test_upstream_invalidation_keeps_history_and_actual_business,0.157206,0.457762,0.006401,passed,passed,passed,98.0675
266,tests/test_controlled_plans.py::test_upstream_invalidation_keeps_history_and_actual_business,0.159537,0.460978,0.006546,passed,passed,passed,98.6955
267,tests/test_controlled_plans.py::test_upstream_invalidation_keeps_history_and_actual_business,0.158302,0.415761,0.006034,passed,passed,passed,99.2765
268,tests/test_controlled_plans.py::test_upstream_invalidation_keeps_history_and_actual_business,0.156482,0.501154,0.008104,passed,passed,passed,99.9432
269,tests/test_controlled_plans.py::test_upstream_invalidation_keeps_history_and_actual_business,0.168607,0.400605,0.006366,passed,passed,passed,100.5198
270,tests/test_controlled_plans.py::test_observed_revocation_restore_requires_explicit_recheck_not_old_replay,0.161432,0.760506,0.006824,passed,passed,passed,101.4496
271,tests/test_controlled_plans.py::test_tenant_or_assignment_cannot_read_create_check,0.155986,0.416696,0.006042,passed,passed,passed,102.0293
272,tests/test_controlled_plans.py::test_tenant_or_assignment_cannot_read_create_check,0.171893,0.482818,0.006043,passed,passed,passed,102.6911
273,tests/test_controlled_plans.py::test_tenant_or_assignment_cannot_read_create_check,0.162143,0.441773,0.006108,passed,passed,passed,103.3022
274,tests/test_controlled_plans.py::test_tenant_or_assignment_cannot_read_create_check,0.154963,0.419065,0.006102,passed,passed,passed,103.8833
275,tests/test_controlled_plans.py::test_tenant_or_assignment_cannot_read_create_check,0.15724,0.437925,0.006241,passed,passed,passed,104.4857
276,tests/test_controlled_plans.py::test_counterpart_minimal_projection_and_no_check_authority,0.162685,0.409914,0.006592,passed,passed,passed,105.0659
277,tests/test_controlled_plans.py::test_counterpart_minimal_projection_and_no_check_authority,0.178584,0.4349,0.005942,passed,passed,passed,105.6863
278,tests/test_controlled_plans.py::test_owner_read_without_execute_and_current_revocation_before_replay,0.152967,0.581305,0.006784,passed,passed,passed,106.4284
279,tests/test_controlled_plans.py::test_no_assignment_is_blocked_without_new_grants_and_old_flow_not_backfilled,0.164177,0.176892,0.006665,passed,passed,passed,106.7771
280,tests/test_controlled_plans.py::test_fixed_hash_input_schema_CAS_and_concurrent_same_key,0.155909,0.147849,0.005803,passed,passed,passed,107.0876
281,tests/test_controlled_plans.py::test_plan_event_failure_rolls_back_checkpoint_and_process_restart,0.158928,0.902661,0.006589,passed,passed,passed,108.1567
282,tests/test_controlled_plans.py::test_concurrent_GET_and_checkpoint_no_share_upgrade_deadlock,0.172087,0.205097,0.00588,passed,passed,passed,108.5407
283,tests/test_controlled_plans.py::test_rejected_write_observation_is_sticky_without_intermediate_GET,0.161516,0.42127,0.006612,passed,passed,passed,109.1311
284,tests/test_controlled_plans.py::test_upgrade_minimal_permissions_no_legacy_backfill,0.157194,0.134207,0.006322,passed,passed,passed,109.4298
285,tests/test_controlled_plans.py::test_old_rejected_observation_cannot_invalidate_new_explicit_checkpoint,0.160519,0.649227,0.006527,passed,passed,passed,110.247
286,tests/test_controlled_plans.py::test_rejected_observation_lock_busy_is_bounded_retry_conflict,0.160122,3.13085,0.006672,passed,passed,passed,113.5457
287,tests/test_controlled_plans.py::test_rejected_stale_CHECK_preserves_observed_invalidation_without_GET,0.167002,0.492864,0.006548,passed,passed,passed,114.213
288,tests/test_controlled_plans.py::test_allowed_gate_then_business_conflict_keeps_downstream_observation,0.158117,0.617348,0.006568,passed,passed,passed,114.996
289,tests/test_dispatch_notices.py::test_three_role_atomic_receivers_open_read_and_current_source_no_private_cache,0.15554,0.238577,0.006491,passed,passed,passed,115.3976
290,tests/test_dispatch_notices.py::test_notice_creation_failure_rolls_back_entire_business_change,0.157851,0.082735,0.006198,passed,passed,passed,115.6455
291,tests/test_dispatch_notices.py::test_notice_creation_failure_rolls_back_entire_business_change,0.246294,0.082451,0.00604,passed,passed,passed,115.9812
292,tests/test_dispatch_notices.py::test_same_business_key_and_concurrent_consumers_create_once,0.154265,0.120687,0.006149,passed,passed,passed,116.2633
293,tests/test_dispatch_notices.py::test_current_executor_authority_before_delivery_and_every_read_write,0.150973,0.137969,0.005894,passed,passed,passed,116.5591
294,tests/test_dispatch_notices.py::test_current_executor_authority_before_delivery_and_every_read_write,0.151397,0.128362,0.005966,passed,passed,passed,116.8458
295,tests/test_dispatch_notices.py::test_current_executor_authority_before_delivery_and_every_read_write,0.149144,0.12146,0.006021,passed,passed,passed,117.1235
296,tests/test_dispatch_notices.py::test_current_executor_authority_before_delivery_and_every_read_write,0.151175,0.130126,0.006108,passed,passed,passed,117.4119
297,tests/test_dispatch_notices.py::test_current_executor_authority_before_delivery_and_every_read_write,0.168748,0.166188,0.005994,passed,passed,passed,117.7539
298,tests/test_dispatch_notices.py::test_current_executor_authority_before_delivery_and_every_read_write,0.196538,0.132784,0.006308,passed,passed,passed,118.0905
299,tests/test_dispatch_notices.py::test_current_executor_authority_before_delivery_and_every_read_write,0.156357,0.133236,0.006737,passed,passed,passed,118.388
300,tests/test_dispatch_notices.py::test_current_executor_authority_before_delivery_and_every_read_write,0.154579,0.147491,0.006381,passed,passed,passed,118.6974
301,tests/test_dispatch_notices.py::test_current_executor_authority_before_delivery_and_every_read_write,0.149316,0.124311,0.005977,passed,passed,passed,118.978
302,tests/test_dispatch_notices.py::test_current_executor_authority_before_delivery_and_every_read_write,0.151724,0.13099,0.006158,passed,passed,passed,119.2677
303,tests/test_dispatch_notices.py::test_nonrecipient_cannot_read_or_mark_other_event,0.146461,0.134847,0.006229,passed,passed,passed,119.5562
304,tests/test_dispatch_notices.py::test_nonrecipient_cannot_read_or_mark_other_event,0.161235,0.131266,0.006356,passed,passed,passed,119.856
305,tests/test_dispatch_notices.py::test_nonrecipient_cannot_read_or_mark_other_event,0.239286,0.13287,0.006215,passed,passed,passed,120.2353
306,tests/test_dispatch_notices.py::test_nonrecipient_cannot_read_or_mark_other_event,0.15166,0.133984,0.006094,passed,passed,passed,120.528
307,tests/test_dispatch_notices.py::test_nonrecipient_cannot_read_or_mark_other_event,0.166216,0.142393,0.00611,passed,passed,passed,120.8438
308,tests/test_dispatch_notices.py::test_nonrecipient_cannot_read_or_mark_other_event,0.156959,0.142491,0.006244,passed,passed,passed,121.1505
309,tests/test_dispatch_notices.py::test_revoked_before_delivery_is_not_resurrected_by_restore_or_business_replay,0.15518,0.117375,0.008097,passed,passed,passed,121.4322
310,tests/test_dispatch_notices.py::test_old_executor_notifications_do_not_reveal_new_offer_and_history_never_revives_state,0.150569,0.187983,0.005956,passed,passed,passed,121.7777
311,tests/test_dispatch_notices.py::test_real_process_crash_before_ack_rolls_back_then_restart_delivers_once,0.148367,0.894136,0.006508,passed,passed,passed,122.8277
312,tests/test_dispatch_notices.py::test_busy_outbox_skips_to_next_and_temporary_authority_wait_never_suppresses,0.154557,0.257107,0.006085,passed,passed,passed,123.2465
313,tests/test_dispatch_notices.py::test_read_only_owner_can_open_and_mark_no_execute_required,0.15398,0.124575,0.006023,passed,passed,passed,123.532
314,tests/test_dispatch_notices.py::test_notice_minimal_column_permissions_and_upgrade_without_legacy_backfill,0.154683,0.135025,0.005917,passed,passed,passed,123.8286
315,tests/test_dispatch_notices.py::test_busy_case_source_does_not_starve_other_pending_case,0.150693,0.305203,0.00611,passed,passed,passed,124.2916
316,tests/test_dispatch_notices.py::test_current_preparation_grant_controls_owner_and_reviewer_notices,0.148299,0.124136,0.006162,passed,passed,passed,124.5713
317,tests/test_dispatch_notices.py::test_current_preparation_grant_controls_owner_and_reviewer_notices,0.15865,0.145894,0.005831,passed,passed,passed,124.8827
318,tests/test_dispatch_notices.py::test_current_preparation_grant_controls_owner_and_reviewer_notices,0.154296,0.128125,0.00613,passed,passed,passed,125.1722
319,tests/test_dispatch_notices.py::test_current_preparation_grant_controls_owner_and_reviewer_notices,0.151027,0.25027,0.006324,passed,passed,passed,125.5807
320,tests/test_dispatch_notices.py::test_parallel_open_and_read_preserve_first_monotonic_timestamps,0.153271,0.166635,0.006054,passed,passed,passed,125.9075
321,tests/test_domain_bounds.py::test_plan_rejects_ambiguous_or_unbounded_goal_coverage,0.000487,0.000449,0.000279,passed,passed,passed,125.9096
322,tests/test_domain_bounds.py::test_plan_rejects_ambiguous_or_unbounded_goal_coverage,0.000488,0.000407,0.000281,passed,passed,passed,125.9113
323,tests/test_domain_bounds.py::test_plan_rejects_ambiguous_or_unbounded_goal_coverage,0.000426,0.000359,0.000266,passed,passed,passed,125.9129
324,tests/test_domain_bounds.py::test_plan_rejects_ambiguous_or_unbounded_goal_coverage,0.000375,0.000358,0.000279,passed,passed,passed,125.9146
325,tests/test_domain_bounds.py::test_plan_rejects_ambiguous_or_unbounded_goal_coverage,0.000389,0.000369,0.00036,passed,passed,passed,125.9162
326,tests/test_domain_bounds.py::test_duplicate_dependency_and_non_identifier_ref_rejected,0.000293,0.000406,0.000368,passed,passed,passed,125.9179
327,tests/test_executor_receipts.py::test_full_append_correction_acknowledge_reopen_history_persistence,0.149768,0.153738,0.005972,passed,passed,passed,126.2282
328,tests/test_executor_receipts.py::test_cross_owner_tenant_unassigned_wrong_role_refused,0.154169,0.095387,0.006215,passed,passed,passed,126.4848
329,tests/test_executor_receipts.py::test_cross_owner_tenant_unassigned_wrong_role_refused,0.150461,0.109451,0.005983,passed,passed,passed,126.7516
330,tests/test_executor_receipts.py::test_cross_owner_tenant_unassigned_wrong_role_refused,0.154279,0.100281,0.006071,passed,passed,passed,127.0131
331,tests/test_executor_receipts.py::test_cross_owner_tenant_unassigned_wrong_role_refused,0.146629,0.108135,0.006447,passed,passed,passed,127.2752
332,tests/test_executor_receipts.py::test_cross_owner_tenant_unassigned_wrong_role_refused,0.149957,0.113013,0.005845,passed,passed,passed,127.5449
333,tests/test_executor_receipts.py::test_cross_owner_tenant_unassigned_wrong_role_refused,0.155202,0.10837,0.006818,passed,passed,passed,127.8161
334,tests/test_executor_receipts.py::test_roles_cannot_act_for_counterparty,0.150898,0.112173,0.005902,passed,passed,passed,128.086
335,tests/test_executor_receipts.py::test_roles_cannot_act_for_counterparty,0.145392,0.113368,0.006082,passed,passed,passed,128.3517
336,tests/test_executor_receipts.py::test_roles_cannot_act_for_counterparty,0.155198,0.115056,0.00975,passed,passed,passed,128.6327
337,tests/test_executor_receipts.py::test_roles_cannot_act_for_counterparty,0.166766,0.121582,0.006392,passed,passed,passed,128.9284
338,tests/test_executor_receipts.py::test_current_revocation_before_replay_and_owner_decision,0.153032,0.116299,0.006035,passed,passed,passed,129.2048
339,tests/test_executor_receipts.py::test_current_revocation_before_replay_and_owner_decision,0.151486,0.22805,0.006219,passed,passed,passed,129.5914
340,tests/test_executor_receipts.py::test_current_revocation_before_replay_and_owner_decision,0.153573,0.1176,0.00601,passed,passed,passed,129.8696
341,tests/test_executor_receipts.py::test_current_revocation_before_replay_and_owner_decision,0.155692,0.115358,0.005945,passed,passed,passed,130.1474
342,tests/test_executor_receipts.py::test_current_revocation_before_replay_and_owner_decision,0.147506,0.123729,0.00593,passed,passed,passed,130.4257
343,tests/test_executor_receipts.py::test_current_revocation_before_replay_and_owner_decision,0.153374,0.096357,0.006118,passed,passed,passed,130.6825
344,tests/test_executor_receipts.py::test_catalog_only_current_assigned_and_create_never_assigns,0.151915,0.107373,0.006443,passed,passed,passed,130.9496
345,tests/test_executor_receipts.py::test_parent_version_change_blocks_new_writes_keeps_history_and_replay,0.150145,0.117449,0.006329,passed,passed,passed,131.2243
346,tests/test_executor_receipts.py::test_stale_version_hash_and_invalid_state_have_no_effect,0.152969,0.117294,0.006202,passed,passed,passed,131.5019
347,tests/test_executor_receipts.py::test_idempotency_same_payload_historical_state_and_cross_step_conflict,0.152419,0.202065,0.006855,passed,passed,passed,131.8642
348,tests/test_executor_receipts.py::test_concurrent_create_and_submit_are_atomic,0.151681,0.097582,0.006411,passed,passed,passed,132.1208
349,tests/test_executor_receipts.py::test_concurrent_create_and_submit_are_atomic,0.159058,0.104423,0.006272,passed,passed,passed,132.3916
350,tests/test_executor_receipts.py::test_event_failure_rolls_back_receipt_and_state,0.159536,0.094576,0.005991,passed,passed,passed,132.6528
351,tests/test_executor_receipts.py::test_permissions_migration_and_current_receipt_foreign_step_constraint,0.152697,0.204579,0.006108,passed,passed,passed,133.0171
352,tests/test_executor_receipts.py::test_invalid_provenance_shape_has_no_effect,0.155495,0.088562,0.005555,passed,passed,passed,133.2678
353,tests/test_executor_receipts.py::test_invalid_provenance_shape_has_no_effect,0.147472,0.079561,0.005953,passed,passed,passed,133.5018
354,tests/test_executor_receipts.py::test_invalid_provenance_shape_has_no_effect,0.244268,0.078165,0.005932,passed,passed,passed,133.8311
355,tests/test_executor_receipts.py::test_invalid_provenance_shape_has_no_effect,0.15748,0.077221,0.010721,passed,passed,passed,134.0775
356,tests/test_executor_receipts.py::test_invalid_provenance_shape_has_no_effect,0.152566,0.083215,0.005914,passed,passed,passed,134.32
357,tests/test_executor_receipts.py::test_invalid_provenance_shape_has_no_effect,0.154344,0.081675,0.005993,passed,passed,passed,134.5629
358,tests/test_executor_receipts.py::test_parent_bindings_all_rechecked,0.155119,0.09448,0.005632,passed,passed,passed,134.819
359,tests/test_executor_receipts.py::test_parent_bindings_all_rechecked,0.152052,0.109542,0.006736,passed,passed,passed,135.0883
360,tests/test_executor_receipts.py::test_parent_bindings_all_rechecked,0.158267,0.094355,0.006478,passed,passed,passed,135.3484
361,tests/test_executor_receipts.py::test_exact12_upgrade_preserves_preparation_and_creates_receipt_tables,0.15519,0.11397,0.00722,passed,passed,passed,135.6257
362,tests/test_executor_receipts.py::test_exclusive_revocation_blocks_new_call_with_bounded_conflict_then_denies,0.158518,3.111743,0.008143,passed,passed,passed,138.9051
363,tests/test_facts_heartbeat.py::test_api_facts_conflict_missing_and_independent_source_preservation,0.614077,0.330094,0.170757,passed,passed,passed,140.0211
364,tests/test_facts_heartbeat.py::test_expired_fact_never_becomes_known_and_idempotency,0.676134,0.336041,0.171437,passed,passed,passed,141.2058
365,tests/test_facts_heartbeat.py::test_actual_http_fact_and_assessment_cross_scope_denial,0.673733,0.329876,0.171564,passed,passed,passed,142.3821
366,tests/test_facts_heartbeat.py::test_actual_http_fact_and_assessment_cross_scope_denial,0.618143,0.358373,0.184962,passed,passed,passed,143.5454
367,tests/test_facts_heartbeat.py::test_grant_revoke_blocks_cached_receipt_new_read_and_write_and_seed_does_not_restore,0.646002,0.906118,0.221892,passed,passed,passed,145.3219
368,tests/test_facts_heartbeat.py::test_heartbeat_renews_independently_during_mock_wait_and_competing_worker_cannot_steal,0.615792,3.643643,0.173863,passed,passed,passed,149.7564
369,tests/test_facts_heartbeat.py::test_wait_revocation_or_cancel_aborts_without_assessment_or_deadlock,0.618333,0.648908,0.171573,passed,passed,passed,151.1964
370,tests/test_facts_heartbeat.py::test_wait_revocation_or_cancel_aborts_without_assessment_or_deadlock,0.735242,0.685188,0.22163,passed,passed,passed,152.8396
371,tests/test_facts_heartbeat.py::test_killed_waiting_worker_lease_expires_and_old_heartbeat_cannot_resurrect,0.623951,1.709862,0.221728,passed,passed,passed,155.3963
372,tests/test_facts_heartbeat.py::test_worker_checks_current_field_grant_after_acceptance,0.678019,0.580798,0.222057,passed,passed,passed,156.8783
373,tests/test_facts_heartbeat.py::test_fact_contract_rejects_false_sources_bad_types_unknown_fields,0.613865,0.005872,0.171433,passed,passed,passed,157.6705
374,tests/test_facts_heartbeat.py::test_fact_contract_rejects_false_sources_bad_types_unknown_fields,0.627303,0.005962,0.222038,passed,passed,passed,158.5273
375,tests/test_facts_heartbeat.py::test_fact_contract_rejects_false_sources_bad_types_unknown_fields,0.616834,0.005547,0.221647,passed,passed,passed,159.3723
376,tests/test_facts_heartbeat.py::test_fact_contract_rejects_false_sources_bad_types_unknown_fields,0.620457,0.00608,0.221843,passed,passed,passed,160.2218
377,tests/test_fault_ledger.py::test_lost_response_reconciles_without_redispatch,0.145874,0.044187,0.0062,passed,passed,passed,160.4193
378,tests/test_fault_ledger.py::test_unknown_control_keeps_effect_visible_and_fences_old_callback,0.156042,0.05185,0.007043,passed,passed,passed,160.6352
379,tests/test_fault_ledger.py::test_unknown_control_keeps_effect_visible_and_fences_old_callback,0.151674,0.105548,0.012473,passed,passed,passed,160.9084
380,tests/test_fault_ledger.py::test_crash_after_dispatch_and_withdrawal_does_not_resend,0.165732,0.041243,0.006356,passed,passed,passed,161.1234
381,tests/test_fault_ledger.py::test_withdrawal_before_dispatch_is_safe_failure,0.151962,0.019028,0.006814,passed,passed,passed,161.3022
382,tests/test_fault_ledger.py::test_fault_isolation_read_control_and_same_key,0.144163,0.017505,0.006061,passed,passed,passed,161.4708
383,tests/test_fault_ledger.py::test_fault_isolation_read_control_and_same_key,0.145403,0.019575,0.006227,passed,passed,passed,161.643
384,tests/test_fault_ledger.py::test_receipt_cannot_cross_scope_or_fingerprint,0.134355,0.021531,0.005704,passed,passed,passed,161.8055
385,tests/test_fault_ledger.py::test_only_one_fault_claim_and_unknown_query_stays_unknown,0.140135,0.05965,0.006381,passed,passed,passed,162.0126
386,tests/test_fault_ledger.py::test_fault_tables_absent_in_regular_database,0.137337,0.005568,0.00669,passed,passed,passed,162.1631
387,tests/test_fault_ledger.py::test_control_before_dispatch_creates_no_effect,0.140442,0.041924,0.006455,passed,passed,passed,162.3531
388,tests/test_fault_ledger.py::test_control_before_dispatch_creates_no_effect,0.239009,0.023153,0.00586,passed,passed,passed,162.6221
389,tests/test_fault_ledger.py::test_expired_fault_worker_cannot_dispatch,0.138856,0.027887,0.006202,passed,passed,passed,162.796
390,tests/test_foundation.py::test_api_worker_process_restart_and_business_separation,0.134919,0.642749,0.006128,passed,passed,passed,163.5809
391,tests/test_foundation.py::test_concurrent_idempotency_and_fingerprint_conflict,0.133446,0.063213,0.005981,passed,passed,passed,163.7844
392,tests/test_foundation.py::test_cross_organization_and_park_denied,0.128428,0.025295,0.005699,passed,passed,passed,163.9447
393,tests/test_foundation.py::test_cross_organization_and_park_denied,0.130842,0.026161,0.006845,passed,passed,passed,164.1095
394,tests/test_foundation.py::test_revoke_after_claim_blocks_effect_and_cached_read,0.135274,0.052848,0.005927,passed,passed,passed,164.3044
395,tests/test_foundation.py::test_expired_lease_fences_old_worker,0.135397,0.034434,0.006244,passed,passed,passed,164.4814
396,tests/test_foundation.py::test_control_fences_claim_without_false_reversal,0.137673,0.044639,0.005747,passed,passed,passed,164.6705
397,tests/test_foundation.py::test_control_fences_claim_without_false_reversal,0.135503,0.027492,0.006248,passed,passed,passed,164.8408
398,tests/test_foundation.py::test_transaction_rollback_and_outbox_replay_order,0.135406,0.067675,0.006302,passed,passed,passed,165.0512
399,tests/test_foundation.py::test_rejected_contract_has_no_effect,0.136827,0.005155,0.005774,passed,passed,passed,165.1998
400,tests/test_foundation.py::test_rejected_contract_has_no_effect,0.138269,0.006656,0.007652,passed,passed,passed,165.3533
401,tests/test_foundation.py::test_rejected_contract_has_no_effect,0.128688,0.005167,0.005907,passed,passed,passed,165.4946
402,tests/test_foundation.py::test_rejected_contract_has_no_effect,0.129717,0.005244,0.005827,passed,passed,passed,165.6362
403,tests/test_foundation.py::test_rejected_contract_has_no_effect,0.129663,0.00542,0.006174,passed,passed,passed,165.7783
404,tests/test_foundation.py::test_rejected_contract_has_no_effect,0.127153,0.005268,0.005739,passed,passed,passed,165.9173
405,tests/test_foundation.py::test_rejected_contract_has_no_effect,0.138148,0.005067,0.006134,passed,passed,passed,166.0675
406,tests/test_foundation.py::test_rejected_contract_has_no_effect,0.135689,0.005028,0.006115,passed,passed,passed,166.2152
407,tests/test_foundation.py::test_input_size_and_literal_injection,0.237426,0.033048,0.00582,passed,passed,passed,166.4923
408,tests/test_foundation.py::test_app_role_cannot_migrate_or_revoke,0.135013,0.006743,0.006661,passed,passed,passed,166.6439
409,tests/test_foundation.py::test_independent_three_value_truth_table,0.000401,0.00042,0.000275,passed,passed,passed,166.6472
410,tests/test_foundation.py::test_domain_plan_graph_and_fixed_action_registry,0.000327,0.000468,0.000299,passed,passed,passed,166.6494
411,tests/test_intern_adapter.py::test_offline_tool_feedback_and_known_model_case_identity,0.000284,0.001606,0.000285,passed,passed,passed,166.6523
412,tests/test_intern_adapter.py::test_invalid_proposal_is_rejected_before_any_execution,0.000439,0.000742,0.000272,passed,passed,passed,166.6545
413,tests/test_intern_adapter.py::test_invalid_proposal_is_rejected_before_any_execution,0.000498,0.000721,0.000307,passed,passed,passed,166.6566
414,tests/test_intern_adapter.py::test_invalid_proposal_is_rejected_before_any_execution,0.000387,0.000719,0.000263,passed,passed,passed,166.6585
415,tests/test_intern_adapter.py::test_invalid_proposal_is_rejected_before_any_execution,0.000402,0.000714,0.000268,passed,passed,passed,166.6605
416,tests/test_intern_adapter.py::test_invalid_proposal_is_rejected_before_any_execution,0.000385,0.000708,0.000267,passed,passed,passed,166.6624
417,tests/test_intern_adapter.py::test_invalid_proposal_is_rejected_before_any_execution,0.000405,0.00073,0.000268,passed,passed,passed,166.6644
418,tests/test_intern_adapter.py::test_invalid_proposal_is_rejected_before_any_execution,0.000393,0.000738,0.000268,passed,passed,passed,166.6664
419,tests/test_intern_adapter.py::test_invalid_proposal_is_rejected_before_any_execution,0.000402,0.00074,0.000267,passed,passed,passed,166.6684
420,tests/test_intern_adapter.py::test_errors_timeout_truncation_usage_and_no_automatic_retry,0.000442,0.000653,0.000271,passed,passed,passed,166.6703
421,tests/test_intern_adapter.py::test_errors_timeout_truncation_usage_and_no_automatic_retry,0.000617,0.000994,0.000474,passed,passed,passed,166.673
422,tests/test_intern_adapter.py::test_errors_timeout_truncation_usage_and_no_automatic_retry,0.000553,0.000815,0.000412,passed,passed,passed,166.6753
423,tests/test_intern_adapter.py::test_errors_timeout_truncation_usage_and_no_automatic_retry,0.000637,0.000754,0.000281,passed,passed,passed,166.6775
424,tests/test_intern_adapter.py::test_errors_timeout_truncation_usage_and_no_automatic_retry,0.000425,0.00065,0.000278,passed,passed,passed,166.6795
425,tests/test_intern_adapter.py::test_errors_timeout_truncation_usage_and_no_automatic_retry,0.000423,0.000563,0.000275,passed,passed,passed,166.6813
426,tests/test_intern_adapter.py::test_errors_timeout_truncation_usage_and_no_automatic_retry,0.00042,0.000771,0.00028,passed,passed,passed,166.6833
427,tests/test_intern_adapter.py::test_errors_timeout_truncation_usage_and_no_automatic_retry,0.000458,0.000696,0.000541,passed,passed,passed,166.6856
428,tests/test_intern_adapter.py::test_errors_timeout_truncation_usage_and_no_automatic_retry,0.000436,0.000742,0.000328,passed,passed,passed,166.6876
429,tests/test_intern_adapter.py::test_errors_timeout_truncation_usage_and_no_automatic_retry,0.000568,0.000748,0.000436,passed,passed,passed,166.69
430,tests/test_intern_adapter.py::test_errors_timeout_truncation_usage_and_no_automatic_retry,0.000615,0.000847,0.000419,passed,passed,passed,166.6924
431,tests/test_intern_adapter.py::test_atomic_offline_attempt_budget_and_unknown_usage,0.000427,0.002553,0.000414,passed,passed,passed,166.6964
432,tests/test_intern_adapter.py::test_input_limits_tool_feedback_pairing_and_real_transport_fail_closed,0.00043,0.000596,0.000395,passed,passed,passed,166.6984
433,tests/test_intern_adapter.py::test_duplicate_json_keys_and_empty_assistant_do_not_form_partial_proposal,0.000462,0.001192,0.000419,passed,passed,passed,166.701
434,tests/test_lifecycle.py::test_native_cli_cannot_run_on_linux,0.000821,0.248591,0.000629,passed,passed,passed,166.9518
435,tests/test_lifecycle.py::test_config_write_is_exclusive_and_no_secret_fields,0.000947,0.001133,0.000533,passed,passed,passed,166.955
436,tests/test_lifecycle.py::test_process_identity_refuses_pid_reuse_foreign_command_and_cwd,0.000792,0.000767,0.00047,passed,passed,passed,166.9576
437,tests/test_lifecycle.py::test_child_environment_drops_owner_and_model_secrets,0.0004,0.000425,0.000309,passed,passed,passed,166.9593
438,tests/test_lifecycle.py::test_powershell_wrappers_are_static_native_only_and_do_not_disable_security,0.000342,0.000778,0.000248,passed,passed,passed,166.9612
439,tests/test_lifecycle.py::test_inaccessible_process_is_not_treated_as_absent,0.000647,0.000485,0.000273,passed,passed,passed,166.9632
440,tests/test_lifecycle.py::test_positive_api_identity_and_invalid_binding,0.00089,0.000523,0.000273,passed,passed,passed,166.9654
441,tests/test_lifecycle.py::test_environment_whitelist_never_reads_or_forwards_unrelated_keys,0.000278,0.00035,0.000318,passed,passed,passed,166.9669
442,tests/test_lifecycle.py::test_windows_existing_acl_check_does_not_repair_permissions,0.000698,0.000501,0.000284,passed,passed,passed,166.969
443,tests/test_lifecycle_diagnostics.py::test_real_missing_python_and_native_version_guard_are_distinct,0.000627,0.020799,0.000309,passed,passed,passed,166.9913
444,tests/test_lifecycle_diagnostics.py::test_real_config_missing_and_utf8_corruption_are_distinct,0.000717,0.000501,0.000283,passed,passed,passed,166.9934
445,tests/test_lifecycle_diagnostics.py::test_real_loopback_refusal_and_occupied_port_are_distinct,0.000271,0.001275,0.000327,passed,passed,passed,166.9958
446,tests/test_lifecycle_diagnostics.py::test_real_isolated_local_database_scope_schema_and_role,0.000657,0.655874,0.000448,passed,passed,passed,167.6536
447,tests/test_lifecycle_diagnostics.py::test_actual_cli_emits_only_fixed_failure_fields,0.001139,0.000849,0.000402,passed,passed,passed,167.6566
448,tests/test_lifecycle_diagnostics.py::test_actual_cli_emits_only_fixed_failure_fields,0.000592,0.000627,0.0004,passed,passed,passed,167.6588
449,tests/test_lifecycle_diagnostics.py::test_actual_cli_emits_only_fixed_failure_fields,0.000603,0.000585,0.000375,passed,passed,passed,167.6608
450,tests/test_lifecycle_diagnostics.py::test_actual_cli_emits_only_fixed_failure_fields,0.000599,0.000594,0.000389,passed,passed,passed,167.6629
451,tests/test_lifecycle_diagnostics.py::test_actual_cli_emits_only_fixed_failure_fields,0.000604,0.000595,0.000357,passed,passed,passed,167.665
452,tests/test_lifecycle_diagnostics.py::test_actual_cli_emits_only_fixed_failure_fields,0.000588,0.000627,0.000347,passed,passed,passed,167.6672
453,tests/test_lifecycle_diagnostics.py::test_protocol_rejects_unknown_mismatched_and_private_fields,0.000412,0.000329,0.000273,passed,passed,passed,167.6686
454,tests/test_lifecycle_diagnostics.py::test_protocol_rejects_unknown_mismatched_and_private_fields,0.000331,0.000311,0.000251,passed,passed,passed,167.6701
455,tests/test_lifecycle_diagnostics.py::test_protocol_rejects_unknown_mismatched_and_private_fields,0.000471,0.000332,0.000285,passed,passed,passed,167.6717
456,tests/test_lifecycle_diagnostics.py::test_protocol_rejects_unknown_mismatched_and_private_fields,0.000358,0.000308,0.000268,passed,passed,passed,167.6731
457,tests/test_lifecycle_diagnostics.py::test_protocol_rejects_unknown_mismatched_and_private_fields,0.000534,0.000299,0.000377,passed,passed,passed,167.6749
458,tests/test_lifecycle_diagnostics.py::test_protocol_rejects_unknown_mismatched_and_private_fields,0.000551,0.000355,0.000411,passed,passed,passed,167.6767
459,tests/test_lifecycle_diagnostics.py::test_protocol_rejects_unknown_mismatched_and_private_fields,0.000365,0.000342,0.000263,passed,passed,passed,167.6782
460,tests/test_lifecycle_diagnostics.py::test_protocol_rejects_duplicate_oversize_multiple_and_surrogate_markers,0.000337,0.000364,0.000352,passed,passed,passed,167.6797
461,tests/test_lifecycle_diagnostics.py::test_start_preserves_primary_diagnostic_if_cleanup_replaces_exception,0.000792,0.001361,0.000428,passed,passed,passed,167.6828
462,tests/test_lifecycle_diagnostics.py::test_start_preserves_primary_diagnostic_if_cleanup_replaces_exception,0.000775,0.000722,0.000289,passed,passed,passed,167.6851
463,tests/test_lifecycle_diagnostics.py::test_start_preserves_primary_diagnostic_if_cleanup_replaces_exception,0.000817,0.000585,0.00031,passed,passed,passed,167.6873
464,tests/test_lifecycle_diagnostics.py::test_publisher_standalone_without_site_packages_or_pytest,0.000622,0.038733,0.000405,passed,passed,passed,167.7277
465,tests/test_lifecycle_diagnostics.py::test_suite_uses_setup_doctor_start_stdout_marker_and_preserves_failure,0.001198,0.00426,0.000333,passed,passed,passed,167.7341
466,tests/test_lifecycle_diagnostics.py::test_suite_uses_setup_doctor_start_stdout_marker_and_preserves_failure,0.000869,0.002721,0.000355,passed,passed,passed,167.7387
467,tests/test_lifecycle_diagnostics.py::test_lifecycle_and_regression_fields_survive_safe_annotation_projection,0.000285,0.001988,0.000309,passed,passed,passed,167.7418
468,tests/test_lifecycle_diagnostics.py::test_regression_progress_atomic_binding_and_corruption_fail_closed,0.000792,0.00159,0.000303,passed,passed,passed,167.7451
469,tests/test_lifecycle_diagnostics.py::test_real_direct_parent_timeout_does_not_confirm_owned_descendant_cleanup,0.00064,2.046806,0.000545,passed,passed,passed,169.7938
470,tests/test_lifecycle_diagnostics.py::test_real_pytest_stall_checkpoint_identifies_phase_without_test_content,0.001085,0.277171,0.000512,passed,passed,passed,170.0734
471,tests/test_lifecycle_diagnostics.py::test_real_pytest_stall_checkpoint_identifies_phase_without_test_content,0.001199,0.280721,0.001158,passed,passed,passed,170.3584
472,tests/test_lifecycle_diagnostics.py::test_real_pytest_stall_checkpoint_identifies_phase_without_test_content,0.00197,0.276757,0.000569,passed,passed,passed,170.639
473,tests/test_lifecycle_diagnostics.py::test_setup_readonly_failure_survives_safe_annotation_projection,0.000388,0.00241,0.000357,passed,passed,passed,170.6428
474,tests/test_minimal_observations.py::test_powershell_readonly_object_is_fixed_and_reason_keeps_exit_contract,0.000924,0.449999,0.000472,passed,passed,passed,171.0952
475,tests/test_minimal_observations.py::test_powershell_readonly_object_is_fixed_and_reason_keeps_exit_contract,0.000958,0.478119,0.000468,passed,passed,passed,171.5756
476,tests/test_minimal_observations.py::test_powershell_readonly_object_is_fixed_and_reason_keeps_exit_contract,0.000949,0.468224,0.000461,passed,passed,passed,172.0461
477,tests/test_minimal_observations.py::test_acl_object_roundtrip_discards_private_or_multiple_output,0.001004,0.000479,0.000346,passed,passed,passed,172.0486
478,tests/test_minimal_observations.py::test_acl_object_roundtrip_discards_private_or_multiple_output,0.000865,0.00043,0.000379,passed,passed,passed,172.0508
479,tests/test_minimal_observations.py::test_acl_object_roundtrip_discards_private_or_multiple_output,0.000755,0.000403,0.000308,passed,passed,passed,172.0528
480,tests/test_minimal_observations.py::test_acl_object_roundtrip_discards_private_or_multiple_output,0.000761,0.0004,0.000512,passed,passed,passed,172.055
481,tests/test_minimal_observations.py::test_acl_object_roundtrip_discards_private_or_multiple_output,0.001104,0.00044,0.000321,passed,passed,passed,172.0573
482,tests/test_minimal_observations.py::test_acl_object_roundtrip_discards_private_or_multiple_output,0.000745,0.000592,0.000346,passed,passed,passed,172.0595
483,tests/test_minimal_observations.py::test_acl_object_roundtrip_discards_private_or_multiple_output,0.001328,0.00049,0.00046,passed,passed,passed,172.063
484,tests/test_minimal_observations.py::test_lifecycle_rejects_unknown_acl_objects_without_exposing_input,0.000417,0.000328,0.000274,passed,passed,passed,172.0646
485,tests/test_minimal_observations.py::test_lifecycle_rejects_unknown_acl_objects_without_exposing_input,0.000353,0.000308,0.000265,passed,passed,passed,172.066
486,tests/test_minimal_observations.py::test_lifecycle_rejects_unknown_acl_objects_without_exposing_input,0.000467,0.000324,0.000281,passed,passed,passed,172.0676
487,tests/test_minimal_observations.py::test_lifecycle_rejects_unknown_acl_objects_without_exposing_input,0.000358,0.000322,0.000257,passed,passed,passed,172.0691
488,tests/test_minimal_observations.py::test_lifecycle_rejects_unknown_acl_objects_without_exposing_input,0.000381,0.000308,0.000242,passed,passed,passed,172.0705
489,tests/test_minimal_observations.py::test_lifecycle_rejects_unknown_acl_objects_without_exposing_input,0.000385,0.000332,0.00025,passed,passed,passed,172.0721
490,tests/test_minimal_observations.py::test_atomic_phase_and_allowlisted_deparametrized_test_share_one_snapshot,0.000612,0.001429,0.000292,passed,passed,passed,172.075
491,tests/test_minimal_observations.py::test_atomic_snapshot_corruption_never_projects_partial_phase_or_id,0.000705,0.001322,0.000272,passed,passed,passed,172.0779
492,tests/test_minimal_observations.py::test_atomic_snapshot_corruption_never_projects_partial_phase_or_id,0.000776,0.00129,0.000307,passed,passed,passed,172.0808
493,tests/test_minimal_observations.py::test_atomic_snapshot_corruption_never_projects_partial_phase_or_id,0.000705,0.001333,0.000315,passed,passed,passed,172.0837
494,tests/test_minimal_observations.py::test_atomic_snapshot_corruption_never_projects_partial_phase_or_id,0.000668,0.001278,0.000438,passed,passed,passed,172.0866
495,tests/test_minimal_observations.py::test_atomic_snapshot_corruption_never_projects_partial_phase_or_id,0.000868,0.001364,0.000455,passed,passed,passed,172.0898
496,tests/test_minimal_observations.py::test_real_pytest_last_recorded_id_survives_stall_without_raw_parameter,0.000905,0.248538,0.000627,passed,passed,passed,172.3409
497,tests/test_minimal_observations.py::test_real_pytest_last_recorded_id_survives_stall_without_raw_parameter,0.001024,0.247252,0.000591,passed,passed,passed,172.5905
498,tests/test_minimal_observations.py::test_real_pytest_last_recorded_id_survives_stall_without_raw_parameter,0.001008,0.24487,0.000669,passed,passed,passed,172.838
499,tests/test_minimal_observations.py::test_timeout_reads_one_phase_id_snapshot_and_preserves_failure,0.001143,0.00353,0.000482,passed,passed,passed,172.8438
500,tests/test_minimal_observations.py::test_safe_projection_and_annotations_expose_fixed_object_and_last_id_with_global_bounds,0.00028,0.00328,0.000416,passed,passed,passed,172.8483
501,tests/test_minimal_observations.py::test_hostile_new_annotation_fields_fail_closed,0.0023,0.001999,0.000428,passed,passed,passed,172.8537
502,tests/test_minimal_observations.py::test_hostile_new_annotation_fields_fail_closed,0.001552,0.002077,0.000449,passed,passed,passed,172.8584
503,tests/test_minimal_observations.py::test_identity_read_failure_does_not_misattribute_an_acl_object,0.000775,0.262811,0.000629,passed,passed,passed,173.1236
504,tests/test_minimal_observations.py::test_valid_acl_primary_survives_cleanup_without_mixing_metadata,0.000457,0.000535,0.000409,passed,passed,passed,173.1257
505,tests/test_model_chain.py::test_actual_worker_plan_tool_feedback_and_failures,0.136963,0.467,0.006702,passed,passed,passed,173.7373
506,tests/test_model_chain.py::test_actual_worker_plan_tool_feedback_and_failures,0.13558,0.393189,0.00681,passed,passed,passed,174.2739
507,tests/test_model_chain.py::test_actual_worker_plan_tool_feedback_and_failures,0.130937,0.382856,0.006974,passed,passed,passed,174.7957
508,tests/test_model_chain.py::test_actual_worker_plan_tool_feedback_and_failures,0.134902,0.380882,0.006489,passed,passed,passed,175.3189
509,tests/test_model_chain.py::test_actual_worker_plan_tool_feedback_and_failures,0.130054,0.391604,0.006607,passed,passed,passed,175.8481
510,tests/test_model_chain.py::test_actual_worker_plan_tool_feedback_and_failures,0.131571,0.400501,0.006643,passed,passed,passed,176.3879
511,tests/test_model_chain.py::test_actual_worker_plan_tool_feedback_and_failures,0.134026,0.457802,0.006472,passed,passed,passed,176.9872
512,tests/test_model_chain.py::test_worker_without_budget_blocks_before_http_or_effect,0.126987,0.037262,0.005923,passed,passed,passed,177.1584
513,tests/test_model_chain.py::test_real_transport_gate_zero_network_without_live_budget,0.135155,0.024887,0.006336,passed,passed,passed,177.3258
514,tests/test_model_chain.py::test_real_transport_gate_zero_network_without_live_budget,0.135233,0.01967,0.005575,passed,passed,passed,177.4872
515,tests/test_model_chain.py::test_unknown_sent_work_survives_restart_no_refund_or_resend,0.141279,0.053999,0.005812,passed,passed,passed,177.6891
516,tests/test_model_chain.py::test_dispatch_race_one_winner_and_usage_replay_immutable,0.139609,0.049736,0.006432,passed,passed,passed,177.8858
517,tests/test_model_chain.py::test_owner_only_limits_and_role_account_binding,0.134488,0.022297,0.006343,passed,passed,passed,178.0498
518,tests/test_model_chain.py::test_two_products_coordinate_same_account_atomically,0.131759,0.029894,0.006079,passed,passed,passed,178.2185
519,tests/test_model_chain.py::test_revoked_after_model_response_before_tool_blocks_effect_but_settles_usage,0.138737,0.077305,0.006508,passed,passed,passed,178.4421
520,tests/test_model_chain.py::test_feedback_resume_keeps_known_effect_and_does_not_repeat_plan,0.237037,0.188231,0.006308,passed,passed,passed,178.8747
521,tests/test_model_chain.py::test_secret_escape_and_stream_limit_reject_before_business,0.132833,0.056217,0.006558,passed,passed,passed,179.0712
522,tests/test_model_chain.py::test_product_ceiling_unsent_release_and_expired_dispatch,0.136425,0.049682,0.006398,passed,passed,passed,179.2647
523,tests/test_model_chain.py::test_dispatched_crash_resumes_as_failure_without_model_resend,0.136186,0.075448,0.006276,passed,passed,passed,179.4836
524,tests/test_model_chain.py::test_default_worker_cannot_bypass_started_model_intent,0.131965,0.354459,0.006577,passed,passed,passed,179.9777
525,tests/test_model_chain.py::test_proposal_cannot_change_intent,0.136312,0.081225,0.006262,passed,passed,passed,180.2025
526,tests/test_model_chain.py::test_revoked_before_dispatch_releases_only_confirmed_unsent_reservation,0.13326,0.028002,0.006285,passed,passed,passed,180.371
527,tests/test_model_chain.py::test_usage_overrun_is_charged_and_prevents_next_request,0.133161,0.04087,0.006179,passed,passed,passed,180.552
528,tests/test_model_chain.py::test_feedback_second_tool_is_not_executed_and_known_case_survives,0.133172,0.15473,0.00634,passed,passed,passed,180.8473
529,tests/test_model_chain.py::test_fenced_response_records_usage_but_cannot_save_plan_or_create_case,0.130679,0.078051,0.006183,passed,passed,passed,181.0634
530,tests/test_model_chain.py::test_independent_heartbeat_renews_while_http_fixture_waits,0.134788,1.562258,0.006318,passed,passed,passed,182.7678
531,tests/test_model_chain.py::test_invalid_usage_does_not_become_false_settled_charge,0.138159,0.03574,0.007451,passed,passed,passed,182.9499
532,tests/test_model_chain.py::test_live_approval_requires_owner_evidence_not_just_boolean,0.133039,0.019969,0.00565,passed,passed,passed,183.1094
533,tests/test_model_config.py::test_project_token_priority_common_fallback_and_empty,0.000344,0.000381,0.000267,passed,passed,passed,183.1111
534,tests/test_native_command.py::test_regular_output_arguments_and_stdin_eof,0.00077,0.048168,0.000438,passed,passed,passed,183.1612
535,tests/test_native_command.py::test_timeout_stops_only_exact_child_and_keeps_private_output,0.001072,1.004835,0.000488,passed,passed,passed,184.1685
536,tests/test_native_command.py::test_descendant_file_handle_does_not_hold_controller_completion,0.000997,2.093208,0.000549,passed,passed,passed,186.2642
537,tests/test_native_command.py::test_unknown_phase_and_excessive_deadline_refused_without_launch,0.003223,0.000491,0.000383,passed,passed,passed,186.2693
538,tests/test_native_command.py::test_app_stop_uses_existing_os_whitelist,0.001105,0.0327,0.00037,passed,passed,passed,186.3043
539,tests/test_native_command.py::test_powershell_bridge_preserves_arguments_and_public_phase_metadata,0.000788,1.58106,0.000539,passed,passed,passed,187.8876
540,tests/test_owned_job.py::test_job_contract_binds_before_resume_and_cleans_descendants_without_masking_exit,0.000998,0.000547,0.000377,passed,passed,passed,187.8903
541,tests/test_owned_job.py::test_job_setup_refusal_never_runs_uncontained_child_or_retries,0.000916,0.000435,0.000338,passed,passed,passed,187.8926
542,tests/test_owned_job.py::test_job_setup_refusal_never_runs_uncontained_child_or_retries,0.000732,0.000386,0.000414,passed,passed,passed,187.8947
543,tests/test_owned_job.py::test_job_setup_refusal_never_runs_uncontained_child_or_retries,0.000739,0.000416,0.000306,passed,passed,passed,187.8967
544,tests/test_owned_job.py::test_job_setup_refusal_never_runs_uncontained_child_or_retries,0.000715,0.000413,0.000378,passed,passed,passed,187.8987
545,tests/test_owned_job.py::test_job_timeout_keeps_primary_failure_and_reports_cleanup_separately,0.000726,0.00042,0.000332,passed,passed,passed,187.9007
546,tests/test_owned_job.py::test_job_timeout_keeps_primary_failure_and_reports_cleanup_separately,0.00107,0.000463,0.000292,passed,passed,passed,187.9032
547,tests/test_owned_job.py::test_job_cleanup_failure_never_turns_failure_or_success_into_pass,0.000731,0.000443,0.000324,passed,passed,passed,187.9053
548,tests/test_owned_job.py::test_job_cleanup_failure_never_turns_failure_or_success_into_pass,0.000715,0.000461,0.000293,passed,passed,passed,187.9074
549,tests/test_owned_job.py::test_windows_structures_have_fixed_width_and_expected_pointer_alignment,0.000268,0.000269,0.000387,passed,passed,passed,187.9089
550,tests/test_owned_job.py::test_launch_stdio_close_failure_after_creation_aborts_exact_child_and_closes_all,0.000753,0.00048,0.000296,passed,passed,passed,187.9111
551,tests/test_owned_job.py::test_launch_stdio_close_failure_after_creation_aborts_exact_child_and_closes_all,0.000751,0.000487,0.000316,passed,passed,passed,187.9131
552,tests/test_owned_job.py::test_launch_stdio_close_failure_after_creation_aborts_exact_child_and_closes_all,0.000747,0.000522,0.000284,passed,passed,passed,187.9152
553,tests/test_owned_job.py::test_launch_create_refusal_closes_all_acquired_stdio_handles,0.000688,0.000454,0.000275,passed,passed,passed,187.9171
554,tests/test_owned_job.py::test_job_limit_refusal_closes_new_unnamed_job_and_keeps_cleanup_failure,0.000422,0.00043,0.000353,passed,passed,passed,187.9188
555,tests/test_owned_job.py::test_job_limit_refusal_closes_new_unnamed_job_and_keeps_cleanup_failure,0.000831,0.00039,0.000295,passed,passed,passed,187.921
556,tests/test_owned_job.py::test_tree_cleanup_safe_projection_keeps_timeout_and_rejects_untrusted_metadata,0.00027,0.002877,0.000285,passed,passed,passed,187.925
557,tests/test_owned_job.py::test_native_command_routes_only_suite_into_job_and_preserves_fixed_timeout,0.000771,0.016771,0.000324,passed,passed,passed,187.9434
558,tests/test_owned_job.py::test_native_command_routes_only_suite_into_job_and_preserves_fixed_timeout,0.000881,0.017019,0.000331,passed,passed,passed,187.9623
559,tests/test_owned_job.py::test_native_regression_uses_job_regular_files_existing_environment_and_600_seconds,0.000835,0.001046,0.000299,passed,passed,passed,187.9651
560,tests/test_owned_job.py::test_native_job_stops_owned_descendant_and_preserves_unrelated_and_primary,0.000309,,0.00026,skipped,,passed,187.9663
561,tests/test_owned_job.py::test_native_job_stops_owned_descendant_and_preserves_unrelated_and_primary,0.00033,,0.000257,skipped,,passed,187.9674
562,tests/test_owned_job.py::test_native_job_binding_refusal_stops_exact_suspended_child_before_body,0.000644,,0.000308,skipped,,passed,187.9688
563,tests/test_owned_job.py::test_native_job_coordinator_abrupt_exit_closes_job_and_stops_tree,0.000265,,0.000264,skipped,,passed,187.9699
564,tests/test_plan_revision.py::test_normal_cli_worker_persists_actual_revision_and_independent_oracle,0.134542,0.547898,0.00694,passed,passed,passed,188.6601
565,tests/test_plan_revision.py::test_invalid_revision_keeps_known_effect_without_publishing_artifact,0.137907,0.169332,0.006174,passed,passed,passed,188.9747
566,tests/test_plan_revision.py::test_invalid_revision_keeps_known_effect_without_publishing_artifact,0.130811,0.163429,0.006481,passed,passed,passed,189.2763
567,tests/test_plan_revision.py::test_invalid_revision_keeps_known_effect_without_publishing_artifact,0.135987,0.156089,0.007005,passed,passed,passed,189.5765
568,tests/test_plan_revision.py::test_invalid_revision_keeps_known_effect_without_publishing_artifact,0.1356,0.158896,0.006201,passed,passed,passed,189.8782
569,tests/test_plan_revision.py::test_invalid_revision_keeps_known_effect_without_publishing_artifact,0.227487,0.168852,0.006641,passed,passed,passed,190.2822
570,tests/test_plan_revision.py::test_invalid_revision_keeps_known_effect_without_publishing_artifact,0.135702,0.165011,0.006562,passed,passed,passed,190.5904
571,tests/test_plan_revision.py::test_invalid_revision_keeps_known_effect_without_publishing_artifact,0.138701,0.166277,0.006432,passed,passed,passed,190.9029
572,tests/test_plan_revision.py::test_invalid_revision_keeps_known_effect_without_publishing_artifact,0.133903,0.164535,0.006639,passed,passed,passed,191.2091
573,tests/test_plan_revision.py::test_invalid_revision_keeps_known_effect_without_publishing_artifact,0.130873,0.156862,0.006254,passed,passed,passed,191.5042
574,tests/test_plan_revision.py::test_invalid_revision_keeps_known_effect_without_publishing_artifact,0.137106,0.156386,0.005899,passed,passed,passed,191.8046
575,tests/test_plan_revision.py::test_invalid_revision_keeps_known_effect_without_publishing_artifact,0.140312,0.164503,0.006741,passed,passed,passed,192.1172
576,tests/test_plan_revision.py::test_invalid_revision_keeps_known_effect_without_publishing_artifact,0.14025,0.166876,0.006001,passed,passed,passed,192.4312
577,tests/test_plan_revision.py::test_invalid_revision_keeps_known_effect_without_publishing_artifact,0.134386,0.161416,0.00648,passed,passed,passed,192.7345
578,tests/test_plan_revision.py::test_before_artifact_visible_before_trusted_action_and_immutable,0.136494,0.173059,0.006016,passed,passed,passed,193.0511
579,tests/test_plan_revision.py::test_after_artifact_and_terminal_run_outbox_atomic_recovery_no_new_call,0.13678,0.222073,0.005921,passed,passed,passed,193.4168
580,tests/test_plan_revision.py::test_current_authority_and_cross_scope_no_revision_leak,0.139042,0.18671,0.00633,passed,passed,passed,193.7498
581,tests/test_plan_revision.py::test_old_known_effect_never_gets_fabricated_pre_effect_history,0.136596,0.109917,0.006196,passed,passed,passed,194.0034
582,tests/test_plan_revision.py::test_fixed_long_window_now_blocks_31st_account_dispatch,0.139384,0.471676,0.006309,passed,passed,passed,194.6217
583,tests/test_plan_revision.py::test_assigned_status_role_never_receives_plan_documents,0.143041,0.176405,0.010483,passed,passed,passed,194.9526
584,tests/test_plan_revision_waits.py::test_recovery_run_row_wait_before_and_local_deadline_after,0.138987,0.588856,0.006153,passed,passed,passed,195.6876
585,tests/test_plan_revision_waits.py::test_recovery_run_row_wait_before_and_local_deadline_after,0.132202,1.542497,0.006452,passed,passed,passed,197.3697
586,tests/test_plan_revision_waits.py::test_recovery_read_principal_lock_fails_bounded_and_releases,0.141546,1.038739,0.007408,passed,passed,passed,198.5584
587,tests/test_plan_revision_waits.py::test_recovery_quota_direct_connection_inherits_deadline_without_send,0.243777,1.033856,0.006385,passed,passed,passed,199.8436
588,tests/test_plan_revision_waits.py::test_recovery_local_statement_deadline_cancels_owned_synthetic_query,0.135372,5.008075,0.007231,passed,passed,passed,204.9953
589,tests/test_preparation.py::test_api_full_manual_preparation_confirm_and_reopen,0.141622,0.111941,0.006189,passed,passed,passed,205.2563
590,tests/test_preparation.py::test_role_action_intersection_refuses_self_approval,0.148023,0.058082,0.005988,passed,passed,passed,205.4694
591,tests/test_preparation.py::test_role_action_intersection_refuses_self_approval,0.135418,0.064815,0.005926,passed,passed,passed,205.6765
592,tests/test_preparation.py::test_role_action_intersection_refuses_self_approval,0.136098,0.060489,0.006691,passed,passed,passed,205.8807
593,tests/test_preparation.py::test_role_action_intersection_refuses_self_approval,0.146686,0.061297,0.006686,passed,passed,passed,206.0963
594,tests/test_preparation.py::test_cross_org_park_read_write_list_isolation,0.140445,0.071743,0.005908,passed,passed,passed,206.3159
595,tests/test_preparation.py::test_cross_org_park_read_write_list_isolation,0.140167,0.072133,0.006025,passed,passed,passed,206.5352
596,tests/test_preparation.py::test_cross_org_park_read_write_list_isolation,0.143307,0.070053,0.005874,passed,passed,passed,206.7554
597,tests/test_preparation.py::test_cross_org_park_read_write_list_isolation,0.141052,0.071289,0.005876,passed,passed,passed,206.9746
598,tests/test_preparation.py::test_unassigned_or_wrong_role_grant_is_not_authority,0.148008,0.084722,0.005781,passed,passed,passed,207.2141
599,tests/test_preparation.py::test_unassigned_or_wrong_role_grant_is_not_authority,0.145399,0.074337,0.006091,passed,passed,passed,207.4409
600,tests/test_preparation.py::test_unassigned_or_wrong_role_grant_is_not_authority,0.143723,0.079196,0.005741,passed,passed,passed,207.6705
601,tests/test_preparation.py::test_current_revocation_rechecked_before_idempotent_replay,0.139429,0.084818,0.006119,passed,passed,passed,207.9019
602,tests/test_preparation.py::test_current_revocation_rechecked_before_idempotent_replay,0.142757,0.073117,0.005928,passed,passed,passed,208.1248
603,tests/test_preparation.py::test_current_revocation_rechecked_before_idempotent_replay,0.259969,0.066726,0.006292,passed,passed,passed,208.4586
604,tests/test_preparation.py::test_current_revocation_rechecked_before_idempotent_replay,0.14145,0.087231,0.006141,passed,passed,passed,208.6945
605,tests/test_preparation.py::test_current_revocation_rechecked_before_idempotent_replay,0.140955,0.082428,0.006178,passed,passed,passed,208.9252
606,tests/test_preparation.py::test_missing_materials_cannot_be_reviewed,0.142664,0.039424,0.006205,passed,passed,passed,209.1146
607,tests/test_preparation.py::test_missing_materials_cannot_be_reviewed,0.142736,0.050831,0.006529,passed,passed,passed,209.3156
608,tests/test_preparation.py::test_material_update_invalidates_review_keeps_history_and_source,0.137299,0.077428,0.00624,passed,passed,passed,209.5374
609,tests/test_preparation.py::test_idempotent_create_commands_and_cross_preparation_key_conflict,0.14126,0.101849,0.005945,passed,passed,passed,209.7873
610,tests/test_preparation.py::test_concurrent_material_writes_reject_stale_version,0.141722,0.039168,0.006456,passed,passed,passed,209.9756
611,tests/test_preparation.py::test_application_cannot_mutate_history_or_grants_and_migration_preserves,0.139609,0.087875,0.005877,passed,passed,passed,210.2099
612,tests/test_preparation.py::test_event_insert_failure_rolls_back_material_and_revision,0.140695,0.052518,0.005939,passed,passed,passed,210.4099
613,tests/test_preparation.py::test_untrusted_shape_and_false_provenance_rejected,0.135098,0.039094,0.005913,passed,passed,passed,210.5908
614,tests/test_preparation.py::test_untrusted_shape_and_false_provenance_rejected,0.133283,0.039257,0.00637,passed,passed,passed,210.7707
615,tests/test_preparation.py::test_untrusted_shape_and_false_provenance_rejected,0.143322,0.032939,0.005745,passed,passed,passed,210.9537
616,tests/test_preparation.py::test_untrusted_shape_and_false_provenance_rejected,0.139131,0.038825,0.00607,passed,passed,passed,211.1386
617,tests/test_preparation.py::test_untrusted_shape_and_false_provenance_rejected,0.14279,0.03389,0.006527,passed,passed,passed,211.3228
618,tests/test_preparation.py::test_untrusted_shape_and_false_provenance_rejected,0.142833,0.035857,0.005967,passed,passed,passed,211.5085
619,tests/test_preparation.py::test_concurrent_distinct_create_keys_same_case_return_one_clear_conflict,0.142124,0.028763,0.005823,passed,passed,passed,211.686
620,tests/test_preparation.py::test_parallel_review_and_update_cannot_preserve_stale_approval,0.236326,0.063472,0.005855,passed,passed,passed,211.9926
621,tests/test_preparation.py::test_failed_or_foreign_run_and_invalid_reviewer_rejected,0.137424,0.055171,0.005834,passed,passed,passed,212.1919
622,tests/test_preparation.py::test_scope_grant_change_and_seed_never_reactivates,0.142156,0.061555,0.005935,passed,passed,passed,212.4027
623,tests/test_preparation.py::test_history_limit_rejects_write_without_partial_event,0.141648,0.044518,0.006304,passed,passed,passed,212.596
624,tests/test_preparation_tasks.py::test_task_lifecycle_and_read_only_persistent_history,0.135539,0.20489,0.006465,passed,passed,passed,212.9439
625,tests/test_preparation_tasks.py::test_two_cases_do_not_mix_materials_correction_or_body,0.147364,0.074131,0.006204,passed,passed,passed,213.1725
626,tests/test_preparation_tasks.py::test_tasks_cross_org_and_park_isolation,0.145915,0.03302,0.005925,passed,passed,passed,213.3581
627,tests/test_preparation_tasks.py::test_tasks_cross_org_and_park_isolation,0.143273,0.033236,0.005786,passed,passed,passed,213.5413
628,tests/test_preparation_tasks.py::test_tasks_cross_org_and_park_isolation,0.141671,0.033169,0.006028,passed,passed,passed,213.7231
629,tests/test_preparation_tasks.py::test_tasks_cross_org_and_park_isolation,0.144743,0.032435,0.005817,passed,passed,passed,213.9069
630,tests/test_preparation_tasks.py::test_tasks_unassigned_or_wrong_role_cannot_expand_scope,0.141078,0.038709,0.006512,passed,passed,passed,214.0942
631,tests/test_preparation_tasks.py::test_tasks_unassigned_or_wrong_role_cannot_expand_scope,0.148355,0.039956,0.005802,passed,passed,passed,214.2894
632,tests/test_preparation_tasks.py::test_tasks_unassigned_or_wrong_role_cannot_expand_scope,0.139796,0.03948,0.006239,passed,passed,passed,214.4759
633,tests/test_preparation_tasks.py::test_tasks_current_identity_and_grant_revocation,0.140847,0.044012,0.006256,passed,passed,passed,214.6679
634,tests/test_preparation_tasks.py::test_tasks_current_identity_and_grant_revocation,0.140046,0.042895,0.006218,passed,passed,passed,214.8579
635,tests/test_preparation_tasks.py::test_tasks_current_identity_and_grant_revocation,0.135483,0.044711,0.006571,passed,passed,passed,215.0456
636,tests/test_preparation_tasks.py::test_tasks_current_identity_and_grant_revocation,0.142068,0.048297,0.006338,passed,passed,passed,215.2432
637,tests/test_preparation_tasks.py::test_tasks_current_identity_and_grant_revocation,0.240965,0.045779,0.006404,passed,passed,passed,215.5373
638,tests/test_preparation_tasks.py::test_tasks_current_identity_and_grant_revocation,0.137339,0.043437,0.005846,passed,passed,passed,215.7249
639,tests/test_preparation_tasks.py::test_tasks_client_role_or_owner_query_does_not_change_authority,0.141431,0.032018,0.006181,passed,passed,passed,215.9053
640,tests/test_preparation_tasks.py::test_tasks_concurrent_material_change_only_observes_committed_snapshot,0.14123,0.151936,0.006438,passed,passed,passed,216.2058
641,tests/test_preparation_tasks.py::test_tasks_history_limit_is_visible_without_new_writes,0.141813,0.050253,0.007665,passed,passed,passed,216.4065
642,tests/test_preparation_tasks.py::test_tasks_read_bound_and_older_records_are_explicit,0.138114,0.101874,0.006798,passed,passed,passed,216.6542
643,tests/test_python_command.py::test_python_resolver_returns_one_real_application_path,0.001175,0.541818,0.000743,passed,passed,passed,217.199
644,tests/test_python_command.py::test_python_resolver_returns_one_real_application_path,0.0013,0.53637,0.000691,passed,passed,passed,217.7383
645,tests/test_python_command.py::test_python_resolver_returns_one_real_application_path,0.001146,0.515433,0.000776,passed,passed,passed,218.2567
646,tests/test_python_command.py::test_python_resolver_returns_one_real_application_path,0.001153,0.451279,0.000763,passed,passed,passed,218.7107
647,tests/test_python_command.py::test_python_resolver_returns_one_real_application_path,0.001083,0.439844,0.00068,passed,passed,passed,219.1532
648,tests/test_python_command.py::test_python_resolver_returns_one_real_application_path,0.001193,0.515235,0.000672,passed,passed,passed,219.6712
649,tests/test_resource_combinations.py::test_atomic_pair_persistence_order_equivalent_replay_and_whole_cancel,0.148262,0.149403,0.005953,passed,passed,passed,219.9758
650,tests/test_resource_combinations.py::test_second_resource_invalid_has_no_partial_confirmation,0.145595,0.052411,0.005859,passed,passed,passed,220.1807
651,tests/test_resource_combinations.py::test_second_resource_invalid_has_no_partial_confirmation,0.14099,0.052972,0.006117,passed,passed,passed,220.3818
652,tests/test_resource_combinations.py::test_second_resource_invalid_has_no_partial_confirmation,0.145753,0.044838,0.005787,passed,passed,passed,220.5791
653,tests/test_resource_combinations.py::test_second_resource_invalid_has_no_partial_confirmation,0.145108,0.048443,0.006069,passed,passed,passed,220.7797
654,tests/test_resource_combinations.py::test_second_resource_invalid_has_no_partial_confirmation,0.143346,0.045236,0.006245,passed,passed,passed,220.9753
655,tests/test_resource_combinations.py::test_second_resource_invalid_has_no_partial_confirmation,0.145889,0.0517,0.006206,passed,passed,passed,221.18
656,tests/test_resource_combinations.py::test_second_resource_invalid_has_no_partial_confirmation,0.1518,0.058054,0.006496,passed,passed,passed,221.3974
657,tests/test_resource_combinations.py::test_second_resource_invalid_has_no_partial_confirmation,0.145292,0.04644,0.006217,passed,passed,passed,221.5962
658,tests/test_resource_combinations.py::test_failure_after_first_mutation_rolls_back_all,0.144719,0.042739,0.005846,passed,passed,passed,221.7905
659,tests/test_resource_combinations.py::test_failure_after_first_mutation_rolls_back_all,0.14173,0.043139,0.006025,passed,passed,passed,221.9823
660,tests/test_resource_combinations.py::test_concurrent_same_key_reverse_order_and_distinct_key_commit_once,0.24644,0.132001,0.006919,passed,passed,passed,222.3688
661,tests/test_resource_combinations.py::test_competing_single_release_never_partial_pair,0.140571,0.040543,0.005773,passed,passed,passed,222.5568
662,tests/test_resource_combinations.py::test_two_enterprises_reverse_resource_order_capacity_and_cancel_race,0.146835,0.104292,0.006211,passed,passed,passed,222.815
663,tests/test_resource_combinations.py::test_replay_and_cancel_require_current_whole_pair_authorization,0.14476,0.066571,0.005949,passed,passed,passed,223.0332
664,tests/test_resource_combinations.py::test_replay_and_cancel_require_current_whole_pair_authorization,0.144147,0.055959,0.006009,passed,passed,passed,223.2403
665,tests/test_resource_combinations.py::test_replay_and_cancel_require_current_whole_pair_authorization,0.13701,0.064396,0.005956,passed,passed,passed,223.4486
666,tests/test_resource_combinations.py::test_replay_and_cancel_require_current_whole_pair_authorization,0.139743,0.066182,0.006054,passed,passed,passed,223.6616
667,tests/test_resource_combinations.py::test_replay_and_cancel_require_current_whole_pair_authorization,0.138296,0.05772,0.00623,passed,passed,passed,223.8649
668,tests/test_resource_combinations.py::test_replay_and_cancel_require_current_whole_pair_authorization,0.137981,0.063348,0.005804,passed,passed,passed,224.073
669,tests/test_resource_combinations.py::test_replay_and_cancel_require_current_whole_pair_authorization,0.141279,0.061155,0.006268,passed,passed,passed,224.2827
670,tests/test_resource_combinations.py::test_cross_tenant_fake_identity_and_shared_key_fingerprints,0.147425,0.136182,0.005957,passed,passed,passed,224.5732
671,tests/test_resource_combinations.py::test_invalid_pair_shape_has_no_effect,0.143082,0.004636,0.005407,passed,passed,passed,224.7272
672,tests/test_resource_combinations.py::test_invalid_pair_shape_has_no_effect,0.139378,0.00481,0.00561,passed,passed,passed,224.8779
673,tests/test_resource_combinations.py::test_invalid_pair_shape_has_no_effect,0.141139,0.00477,0.005802,passed,passed,passed,225.0305
674,tests/test_resource_combinations.py::test_duplicate_holds_same_resource_and_single_key_reuse_refused,0.138631,0.069008,0.005826,passed,passed,passed,225.2449
675,tests/test_resource_combinations.py::test_second_lock_wait_expiry_and_stable_order,0.17338,0.256317,0.006358,passed,passed,passed,225.682
676,tests/test_resource_combinations.py::test_cancel_fault_rolls_back_every_member_and_group,0.147306,0.059597,0.006139,passed,passed,passed,225.8959
677,tests/test_resource_combinations.py::test_cancel_fault_rolls_back_every_member_and_group,0.251499,0.06381,0.006456,passed,passed,passed,226.2187
678,tests/test_resource_combinations.py::test_cancel_fault_rolls_back_every_member_and_group,0.141133,0.065218,0.006577,passed,passed,passed,226.4327
679,tests/test_resource_combinations.py::test_combination_and_single_confirmation_compete_without_partial_combo,0.145632,0.038775,0.007028,passed,passed,passed,226.6251
680,tests/test_resource_combinations.py::test_combination_history_permissions_are_minimal,0.146727,0.070733,0.00632,passed,passed,passed,226.8498
681,tests/test_resource_combinations.py::test_exact_11_upgrade_repeat_preserves_existing_single_receipts,0.140565,0.067405,0.006185,passed,passed,passed,227.0651
682,tests/test_resource_confirm.py::test_confirm_keeps_capacity_beyond_hold_ttl_and_cancel_replay_history,0.132124,0.098795,0.006313,passed,passed,passed,227.3033
683,tests/test_resource_confirm.py::test_current_rules_and_hold_deadline_refuse_without_receipt,0.194667,0.033909,0.005774,passed,passed,passed,227.5386
684,tests/test_resource_confirm.py::test_current_rules_and_hold_deadline_refuse_without_receipt,0.137846,0.043587,0.00612,passed,passed,passed,227.7271
685,tests/test_resource_confirm.py::test_current_rules_and_hold_deadline_refuse_without_receipt,0.134218,0.034774,0.006345,passed,passed,passed,227.9033
686,tests/test_resource_confirm.py::test_current_rules_and_hold_deadline_refuse_without_receipt,0.13409,0.028134,0.006033,passed,passed,passed,228.0724
687,tests/test_resource_confirm.py::test_current_rules_and_hold_deadline_refuse_without_receipt,0.132745,0.027803,0.006551,passed,passed,passed,228.2404
688,tests/test_resource_confirm.py::test_current_rules_and_hold_deadline_refuse_without_receipt,0.145425,0.02953,0.006156,passed,passed,passed,228.4224
689,tests/test_resource_confirm.py::test_concurrent_same_key_once_distinct_keys_and_release_order,0.139598,0.088714,0.006326,passed,passed,passed,228.6581
690,tests/test_resource_confirm.py::test_confirm_replay_requires_current_authorization,0.135648,0.033378,0.005744,passed,passed,passed,228.8338
691,tests/test_resource_confirm.py::test_confirm_replay_requires_current_authorization,0.134534,0.03384,0.005384,passed,passed,passed,229.0084
692,tests/test_resource_confirm.py::test_confirm_replay_requires_current_authorization,0.136071,0.039616,0.005901,passed,passed,passed,229.1908
693,tests/test_resource_confirm.py::test_confirm_replay_requires_current_authorization,0.132808,0.037834,0.005574,passed,passed,passed,229.3679
694,tests/test_resource_confirm.py::test_confirm_replay_requires_current_authorization,0.2391,0.042356,0.005874,passed,passed,passed,229.6561
695,tests/test_resource_confirm.py::test_confirm_replay_requires_current_authorization,0.136227,0.039818,0.005637,passed,passed,passed,229.8387
696,tests/test_resource_confirm.py::test_confirm_replay_requires_current_authorization,0.136349,0.03897,0.005746,passed,passed,passed,230.0206
697,tests/test_resource_confirm.py::test_cross_owner_unknown_hold_and_client_authority_refused,0.134822,0.051755,0.005927,passed,passed,passed,230.2139
698,tests/test_resource_confirm.py::test_receipt_failure_rolls_back_confirmation_and_upgrade_keeps_history,0.131307,0.070225,0.005959,passed,passed,passed,230.4226
699,tests/test_resource_confirm.py::test_confirm_uses_clock_after_lock_wait_and_never_revives_expired_hold,0.137365,0.238093,0.006101,passed,passed,passed,230.8054
700,tests/test_resource_confirm.py::test_two_owners_confirm_at_capacity_without_double_count_and_new_key_once,0.135263,0.04152,0.005549,passed,passed,passed,230.9886
701,tests/test_resource_confirm.py::test_same_hold_distinct_confirmation_keys_commit_once,0.140189,0.034873,0.005894,passed,passed,passed,231.1704
702,tests/test_resource_confirm.py::test_revocation_committed_while_confirmation_waits_prevents_write,0.133029,0.023484,0.005566,passed,passed,passed,231.3335
703,tests/test_resource_holds.py::test_api_hold_release_replay_persistent_receipts_and_case_separation,0.135683,0.089411,0.005635,passed,passed,passed,231.5651
704,tests/test_resource_holds.py::test_peak_capacity_is_not_sum_of_nonoverlapping_holds,0.141036,0.056764,0.005602,passed,passed,passed,231.7694
705,tests/test_resource_holds.py::test_half_open_intervals_and_both_sides_buffer,0.134526,0.022493,0.0058,passed,passed,passed,231.933
706,tests/test_resource_holds.py::test_half_open_intervals_and_both_sides_buffer,0.13118,0.023699,0.005928,passed,passed,passed,232.0947
707,tests/test_resource_holds.py::test_half_open_intervals_and_both_sides_buffer,0.144782,0.02391,0.005881,passed,passed,passed,232.2701
708,tests/test_resource_holds.py::test_half_open_intervals_and_both_sides_buffer,0.136948,0.023449,0.005852,passed,passed,passed,232.4371
709,tests/test_resource_holds.py::test_overcapacity_and_concurrent_distinct_keys_never_overbook,0.136793,0.046965,0.006013,passed,passed,passed,232.6278
710,tests/test_resource_holds.py::test_same_key_concurrent_once_conflicts_and_UTC_normalization,0.145437,0.04662,0.005779,passed,passed,passed,232.8267
711,tests/test_resource_holds.py::test_expiration_without_cleaner_replay_does_not_extend_and_expired_release,0.14053,0.061558,0.005956,passed,passed,passed,233.0356
712,tests/test_resource_holds.py::test_clock_is_sampled_after_resource_lock_wait_not_transaction_start,0.241315,0.239144,0.006391,passed,passed,passed,233.5233
713,tests/test_resource_holds.py::test_catalog_and_anonymous_availability_do_not_expose_other_enterprise_hold,0.143027,0.066583,0.005518,passed,passed,passed,233.7394
714,tests/test_resource_holds.py::test_same_org_non_owner_cannot_read_or_release_hold,0.135333,0.038818,0.006152,passed,passed,passed,233.9205
715,tests/test_resource_holds.py::test_explicit_grant_cannot_override_trusted_role_upper_bound,0.140876,0.029067,0.005812,passed,passed,passed,234.0971
716,tests/test_resource_holds.py::test_explicit_grant_cannot_override_trusted_role_upper_bound,0.145286,0.029153,0.005731,passed,passed,passed,234.2781
717,tests/test_resource_holds.py::test_explicit_grant_cannot_override_trusted_role_upper_bound,0.139558,0.028951,0.005734,passed,passed,passed,234.4531
718,tests/test_resource_holds.py::test_current_revocation_rechecked_before_replay_and_release,0.137341,0.053644,0.006083,passed,passed,passed,234.651
719,tests/test_resource_holds.py::test_current_revocation_rechecked_before_replay_and_release,0.13658,0.053015,0.006083,passed,passed,passed,234.8474
720,tests/test_resource_holds.py::test_current_revocation_rechecked_before_replay_and_release,0.132392,0.053975,0.006002,passed,passed,passed,235.0409
721,tests/test_resource_holds.py::test_current_revocation_rechecked_before_replay_and_release,0.136915,0.057649,0.00643,passed,passed,passed,235.2427
722,tests/test_resource_holds.py::test_current_revocation_rechecked_before_replay_and_release,0.140006,0.050389,0.0057,passed,passed,passed,235.4398
723,tests/test_resource_holds.py::test_current_revocation_rechecked_before_replay_and_release,0.132605,0.058856,0.007432,passed,passed,passed,235.6395
724,tests/test_resource_holds.py::test_current_revocation_rechecked_before_replay_and_release,0.131109,0.054887,0.005636,passed,passed,passed,235.832
725,tests/test_resource_holds.py::test_invalid_shape_or_client_policy_is_not_trusted,0.141808,0.007706,0.006009,passed,passed,passed,235.9883
726,tests/test_resource_holds.py::test_invalid_shape_or_client_policy_is_not_trusted,0.1458,0.007177,0.005749,passed,passed,passed,236.1479
727,tests/test_resource_holds.py::test_invalid_shape_or_client_policy_is_not_trusted,0.139109,0.007411,0.005769,passed,passed,passed,236.301
728,tests/test_resource_holds.py::test_invalid_shape_or_client_policy_is_not_trusted,0.135814,0.00742,0.005677,passed,passed,passed,236.4507
729,tests/test_resource_holds.py::test_invalid_shape_or_client_policy_is_not_trusted,0.233332,0.009714,0.006095,passed,passed,passed,236.7008
730,tests/test_resource_holds.py::test_invalid_shape_or_client_policy_is_not_trusted,0.139251,0.007417,0.00603,passed,passed,passed,236.8544
731,tests/test_resource_holds.py::test_invalid_shape_or_client_policy_is_not_trusted,0.136854,0.007226,0.005991,passed,passed,passed,237.0053
732,tests/test_resource_holds.py::test_invalid_shape_or_client_policy_is_not_trusted,0.13912,0.007961,0.00608,passed,passed,passed,237.1593
733,tests/test_resource_holds.py::test_invalid_shape_or_client_policy_is_not_trusted,0.140024,0.011814,0.006281,passed,passed,passed,237.3183
734,tests/test_resource_holds.py::test_invalid_shape_or_client_policy_is_not_trusted,0.142304,0.007431,0.005966,passed,passed,passed,237.4748
735,tests/test_resource_holds.py::test_invalid_shape_or_client_policy_is_not_trusted,0.142448,0.011062,0.006845,passed,passed,passed,237.6359
736,tests/test_resource_holds.py::test_time_validation_including_DB_past_and_opening_buffer,0.156893,0.009137,0.006894,passed,passed,passed,237.8099
737,tests/test_resource_holds.py::test_time_validation_including_DB_past_and_opening_buffer,0.151222,0.008052,0.006,passed,passed,passed,237.976
738,tests/test_resource_holds.py::test_time_validation_including_DB_past_and_opening_buffer,0.146045,0.008091,0.006697,passed,passed,passed,238.1377
739,tests/test_resource_holds.py::test_time_validation_including_DB_past_and_opening_buffer,0.148883,0.011625,0.00617,passed,passed,passed,238.3052
740,tests/test_resource_holds.py::test_time_validation_including_DB_past_and_opening_buffer,0.144606,0.015479,0.006136,passed,passed,passed,238.4724
741,tests/test_resource_holds.py::test_time_validation_including_DB_past_and_opening_buffer,0.136264,0.017242,0.00579,passed,passed,passed,238.6326
742,tests/test_resource_holds.py::test_stale_rule_and_disable_rechecked_but_old_receipts_stay_historical,0.156965,0.076468,0.005937,passed,passed,passed,238.8729
743,tests/test_resource_holds.py::test_failed_receipt_insert_rolls_back_hold_and_registry_cannot_be_changed_by_app,0.140015,0.025136,0.005958,passed,passed,passed,239.045
744,tests/test_resource_holds.py::test_app_cannot_extend_TTL_change_original_input_or_mutate_receipts,0.140698,0.024907,0.006037,passed,passed,passed,239.2175
745,tests/test_resource_holds.py::test_upgrade_from_9_and_repeat_migration_preserve_older_preparation_history,0.13599,0.110155,0.006311,passed,passed,passed,239.4708
746,tests/test_resource_holds.py::test_same_request_key_cannot_cross_registered_resource,0.136075,0.029736,0.00618,passed,passed,passed,239.6436
747,tests/test_resource_holds.py::test_resource_lock_timeout_rolls_back_and_same_key_can_retry,0.236522,0.076061,0.005965,passed,passed,passed,239.9631
748,tests/test_resource_holds.py::test_identity_lock_timeout_is_a_bounded_conflict_not_a_write,0.137373,0.06852,0.006362,passed,passed,passed,240.1762
749,tests/test_safe_annotations.py::test_real_publisher_CLI_annotations_expose_safe_failure_without_paths,0.002358,0.037154,0.000532,passed,passed,passed,240.2172
750,tests/test_safe_annotations.py::test_hostile_annotation_fields_fail_closed_before_any_case,0.001874,0.002201,0.000459,passed,passed,passed,240.2223
751,tests/test_safe_annotations.py::test_hostile_annotation_fields_fail_closed_before_any_case,0.001624,0.002056,0.000509,passed,passed,passed,240.2271
752,tests/test_safe_annotations.py::test_hostile_annotation_fields_fail_closed_before_any_case,0.00163,0.00505,0.000507,passed,passed,passed,240.2348
753,tests/test_safe_annotations.py::test_hostile_annotation_fields_fail_closed_before_any_case,0.001495,0.001903,0.000493,passed,passed,passed,240.2393
754,tests/test_safe_annotations.py::test_hostile_annotation_fields_fail_closed_before_any_case,0.001712,0.001974,0.000539,passed,passed,passed,240.244
755,tests/test_safe_annotations.py::test_hostile_annotation_fields_fail_closed_before_any_case,0.001672,0.001986,0.000506,passed,passed,passed,240.2487
756,tests/test_safe_annotations.py::test_hostile_annotation_fields_fail_closed_before_any_case,0.001619,0.001635,0.000474,passed,passed,passed,240.2531
757,tests/test_safe_annotations.py::test_hostile_annotation_fields_fail_closed_before_any_case,0.001659,0.001446,0.000457,passed,passed,passed,240.2572
758,tests/test_safe_annotations.py::test_unknown_nested_fields_are_discarded_and_PASS_rows_not_emitted,0.001828,0.002053,0.000448,passed,passed,passed,240.2621
759,tests/test_safe_annotations.py::test_batch_case_limit_and_global_ID_limit_have_exact_omission_counts,0.001482,0.004212,0.000433,passed,passed,passed,240.2687
760,tests/test_safe_annotations.py::test_long_whitelisted_IDs_pack_whole_identifiers_under_byte_limit,0.00144,0.002001,0.000454,passed,passed,passed,240.2732
761,tests/test_safe_annotations.py::test_malformed_projected_data_never_partially_publishes,0.001571,0.001436,0.00045,passed,passed,passed,240.2772
762,tests/test_safe_annotations.py::test_malformed_projected_data_never_partially_publishes,0.00156,0.001897,0.00059,passed,passed,passed,240.2818
763,tests/test_safe_annotations.py::test_malformed_projected_data_never_partially_publishes,0.001545,0.001898,0.000448,passed,passed,passed,240.2862
764,tests/test_safe_annotations.py::test_malformed_projected_data_never_partially_publishes,0.001921,0.001401,0.000479,passed,passed,passed,240.2906
765,tests/test_safe_annotations.py::test_malformed_projected_data_never_partially_publishes,0.00146,0.001429,0.000447,passed,passed,passed,240.2945
766,tests/test_safe_annotations.py::test_malformed_projected_data_never_partially_publishes,0.001458,0.001413,0.000459,passed,passed,passed,240.2984
767,tests/test_safe_annotations.py::test_malformed_projected_data_never_partially_publishes,0.001474,0.001866,0.000488,passed,passed,passed,240.3028
768,tests/test_safe_annotations.py::test_message_percent_CR_LF_escaping_does_not_create_workflow_commands,0.000415,0.000685,0.000582,passed,passed,passed,240.3051
769,tests/test_safe_annotations.py::test_unavailable_and_allowlist_failure_use_only_constant_notice,0.001516,0.001542,0.000306,passed,passed,passed,240.309
770,tests/test_safe_annotations.py::test_annotation_sink_failure_preserves_JSON_and_JobSummary,0.001905,0.002527,0.00049,passed,passed,passed,240.3144
771,tests/test_safe_annotations.py::test_annotation_sink_failure_preserves_JSON_and_JobSummary,0.001577,0.002147,0.000488,passed,passed,passed,240.3193
772,tests/test_safe_annotations.py::test_early_checkpoint_without_cases_still_exposes_current_phase,0.001399,0.001907,0.000451,passed,passed,passed,240.3236
773,tests/test_safe_annotations.py::test_annotations_use_only_notices_and_leave_cleanup_order_unchanged,0.000419,0.000768,0.000433,passed,passed,passed,240.3258
774,tests/test_safe_annotations.py::test_binary_sink_bypasses_Windows_CRLF_translation_at_exact_byte_boundary,0.000459,0.001062,0.000437,passed,passed,passed,240.3283
775,tests/test_safe_annotations.py::test_binary_sink_failures_are_not_reported_as_delivery_success,0.000377,0.000864,0.00074,passed,passed,passed,240.3308
776,tests/test_safe_annotations.py::test_binary_sink_failures_are_not_reported_as_delivery_success,0.000545,0.000698,0.000441,passed,passed,passed,240.3331
777,tests/test_safe_annotations.py::test_binary_sink_failures_are_not_reported_as_delivery_success,0.000522,0.000592,0.000539,passed,passed,passed,240.3353
778,tests/test_safe_annotations.py::test_real_CLI_annotation_bytes_have_exact_LF_without_console_normalization,0.001528,0.037198,0.000483,passed,passed,passed,240.3753
779,tests/test_service_dispatches.py::test_decline_reoffer_accept_receipt_and_reload_persistence,0.161141,0.158344,0.005892,passed,passed,passed,240.7016
780,tests/test_service_dispatches.py::test_only_current_assigned_reviewer_can_offer,0.150079,0.084988,0.005855,passed,passed,passed,240.9433
781,tests/test_service_dispatches.py::test_only_current_assigned_reviewer_can_offer,0.150816,0.078276,0.005945,passed,passed,passed,241.1796
782,tests/test_service_dispatches.py::test_only_current_assigned_reviewer_can_offer,0.154621,0.078349,0.005978,passed,passed,passed,241.4195
783,tests/test_service_dispatches.py::test_only_current_assigned_reviewer_can_offer,0.149482,0.079206,0.005876,passed,passed,passed,241.6549
784,tests/test_service_dispatches.py::test_only_current_assigned_reviewer_can_offer,0.149502,0.07933,0.005994,passed,passed,passed,241.8905
785,tests/test_service_dispatches.py::test_only_current_assigned_reviewer_can_offer,0.15992,0.078988,0.006341,passed,passed,passed,242.1368
786,tests/test_service_dispatches.py::test_candidates_cannot_create_or_expand_assignment,0.169485,0.08886,0.006228,passed,passed,passed,242.4027
787,tests/test_service_dispatches.py::test_candidates_cannot_create_or_expand_assignment,0.152683,0.099389,0.006117,passed,passed,passed,242.6618
788,tests/test_service_dispatches.py::test_candidates_cannot_create_or_expand_assignment,0.151297,0.099214,0.008227,passed,passed,passed,242.9216
789,tests/test_service_dispatches.py::test_candidates_cannot_create_or_expand_assignment,0.153169,0.087868,0.006349,passed,passed,passed,243.1712
790,tests/test_service_dispatches.py::test_candidates_cannot_create_or_expand_assignment,0.144485,0.093051,0.006368,passed,passed,passed,243.4162
791,tests/test_service_dispatches.py::test_counterparty_and_unassigned_actions_denied,0.149544,0.090643,0.00616,passed,passed,passed,243.6635
792,tests/test_service_dispatches.py::test_counterparty_and_unassigned_actions_denied,0.156958,0.200176,0.005971,passed,passed,passed,244.0276
793,tests/test_service_dispatches.py::test_counterparty_and_unassigned_actions_denied,0.147013,0.087463,0.005867,passed,passed,passed,244.2689
794,tests/test_service_dispatches.py::test_counterparty_and_unassigned_actions_denied,0.147392,0.095741,0.005919,passed,passed,passed,244.5188
795,tests/test_service_dispatches.py::test_counterparty_and_unassigned_actions_denied,0.149953,0.089686,0.006378,passed,passed,passed,244.7657
796,tests/test_service_dispatches.py::test_current_own_projection_after_reassignment_never_other_executor_or_materials,0.145871,0.185895,0.005885,passed,passed,passed,245.1042
797,tests/test_service_dispatches.py::test_accept_rechecks_live_authority_and_parent_without_side_effects,0.150497,0.097272,0.005899,passed,passed,passed,245.3589
798,tests/test_service_dispatches.py::test_accept_rechecks_live_authority_and_parent_without_side_effects,0.148509,0.08776,0.006526,passed,passed,passed,245.6027
799,tests/test_service_dispatches.py::test_accept_rechecks_live_authority_and_parent_without_side_effects,0.155074,0.088586,0.006275,passed,passed,passed,245.8535
800,tests/test_service_dispatches.py::test_accept_rechecks_live_authority_and_parent_without_side_effects,0.155873,0.09068,0.006169,passed,passed,passed,246.1073
801,tests/test_service_dispatches.py::test_accept_rechecks_live_authority_and_parent_without_side_effects,0.148404,0.105989,0.006235,passed,passed,passed,246.369
802,tests/test_service_dispatches.py::test_accept_rechecks_live_authority_and_parent_without_side_effects,0.149808,0.094135,0.006185,passed,passed,passed,246.62
803,tests/test_service_dispatches.py::test_accept_rechecks_live_authority_and_parent_without_side_effects,0.152412,0.094897,0.005888,passed,passed,passed,246.8741
804,tests/test_service_dispatches.py::test_accept_rechecks_live_authority_and_parent_without_side_effects,0.158779,0.099708,0.005828,passed,passed,passed,247.1394
805,tests/test_service_dispatches.py::test_accept_rechecks_live_authority_and_parent_without_side_effects,0.208817,0.112066,0.006394,passed,passed,passed,247.4686
806,tests/test_service_dispatches.py::test_accept_rechecks_live_authority_and_parent_without_side_effects,0.149967,0.09837,0.00579,passed,passed,passed,247.7246
807,tests/test_service_dispatches.py::test_accept_rechecks_live_authority_and_parent_without_side_effects,0.145122,0.102914,0.005827,passed,passed,passed,247.9795
808,tests/test_service_dispatches.py::test_accept_rechecks_live_authority_and_parent_without_side_effects,0.26842,0.096965,0.006202,passed,passed,passed,248.3521
809,tests/test_service_dispatches.py::test_withdraw_after_target_revoked_and_parent_reopened_then_fresh_reoffer,0.156367,0.109296,0.007517,passed,passed,passed,248.6262
810,tests/test_service_dispatches.py::test_legacy_create_cannot_bypass_any_new_dispatch_state,0.150261,0.112547,0.006264,passed,passed,passed,248.8963
811,tests/test_service_dispatches.py::test_legacy_create_cannot_bypass_any_new_dispatch_state,0.153619,0.104032,0.006099,passed,passed,passed,249.1612
812,tests/test_service_dispatches.py::test_legacy_create_cannot_bypass_any_new_dispatch_state,0.147842,0.120493,0.005841,passed,passed,passed,249.4362
813,tests/test_service_dispatches.py::test_existing_legacy_receipt_replay_preserved_new_offer_denied,0.148858,0.098443,0.005784,passed,passed,passed,249.6902
814,tests/test_service_dispatches.py::test_old_offer_and_accept_replay_never_revives_state_or_duplicates_receipt,0.147255,0.148114,0.006302,passed,passed,passed,249.9927
815,tests/test_service_dispatches.py::test_concurrent_accept_and_decision_one_atomic_winner,0.165046,0.093153,0.006056,passed,passed,passed,250.2579
816,tests/test_service_dispatches.py::test_concurrent_accept_and_decision_one_atomic_winner,0.150321,0.142126,0.016836,passed,passed,passed,250.57
817,tests/test_service_dispatches.py::test_concurrent_accept_and_decision_one_atomic_winner,0.188336,0.094008,0.006118,passed,passed,passed,250.8609
818,tests/test_service_dispatches.py::test_same_key_concurrent_accept_replays_once_and_event_failure_rolls_back,0.150184,0.205002,0.006383,passed,passed,passed,251.2247
819,tests/test_service_dispatches.py::test_migration_repeat_minimal_table_permissions_and_immutable_history,0.166481,0.125522,0.006515,passed,passed,passed,251.5241
820,tests/test_service_dispatches.py::test_strict_offer_shape,0.000658,0.000573,0.000455,passed,passed,passed,251.5265
821,tests/test_service_dispatches.py::test_strict_offer_shape,0.000547,0.000372,0.000709,passed,passed,passed,251.5287
822,tests/test_service_dispatches.py::test_strict_offer_shape,0.000396,0.000734,0.000462,passed,passed,passed,251.5308
823,tests/test_service_dispatches.py::test_strict_offer_shape,0.000616,0.000467,0.000478,passed,passed,passed,251.5329
824,tests/test_service_dispatches.py::test_strict_offer_shape,0.000537,0.000319,0.000711,passed,passed,passed,251.535
825,tests/test_service_dispatches.py::test_strict_offer_shape,0.000558,0.000466,0.000423,passed,passed,passed,251.537
826,tests/test_service_dispatches.py::test_exact14_upgrade_keeps_legacy_receipt_and_creates_dispatch_tables,0.153945,0.116649,0.006134,passed,passed,passed,251.8145
827,tests/test_service_dispatches.py::test_legacy_create_races_first_offer_and_cannot_race_accepted_handoff,0.146601,0.172521,0.006738,passed,passed,passed,252.1413
828,tests/test_service_dispatches.py::test_exclusive_reviewer_revocation_is_bounded_then_all_reads_and_replays_deny,0.172152,3.250045,0.006357,passed,passed,passed,255.571
829,tests/test_service_dispatches.py::test_resource_admin_no_dispatch_role_even_with_run_read_assignment,0.157609,0.123671,0.006231,passed,passed,passed,255.8595
830,tests/test_service_dispatches.py::test_history_limit_reserves_last_decision_and_remains_readable,0.153398,0.121588,0.006413,passed,passed,passed,256.1419
831,tests/test_service_dispatches.py::test_stale_decline_allowed_but_old_withdraw_replay_does_not_withdraw_new_offer,0.150716,0.129111,0.00623,passed,passed,passed,256.429
832,tests/test_summary_publication.py::test_publisher_rebuilds_only_white_fields_from_poisoned_report,0.002319,0.002666,0.000498,passed,passed,passed,256.4354
833,tests/test_summary_publication.py::test_actual_bounded_private_wrapper_then_independent_publisher,0.00164,0.152969,0.000629,passed,passed,passed,256.5915
834,tests/test_summary_publication.py::test_actual_bounded_private_wrapper_then_independent_publisher,0.002084,0.640421,0.000773,passed,passed,passed,257.2356
835,tests/test_summary_publication.py::test_actual_bounded_private_wrapper_then_independent_publisher,0.001968,0.098678,0.000768,passed,passed,passed,257.3378
836,tests/test_summary_publication.py::test_actual_bounded_private_wrapper_then_independent_publisher,0.002258,0.103744,0.000705,passed,passed,passed,257.4456
837,tests/test_summary_publication.py::test_version_scope_and_stage_refused_without_echo,0.001947,0.001012,0.000352,passed,passed,passed,257.4497
838,tests/test_summary_publication.py::test_version_scope_and_stage_refused_without_echo,0.00171,0.00094,0.000488,passed,passed,passed,257.4535
839,tests/test_summary_publication.py::test_version_scope_and_stage_refused_without_echo,0.001637,0.001135,0.00049,passed,passed,passed,257.4573
840,tests/test_summary_publication.py::test_version_scope_and_stage_refused_without_echo,0.001924,0.001103,0.000619,passed,passed,passed,257.4616
841,tests/test_summary_publication.py::test_version_scope_and_stage_refused_without_echo,0.002055,0.001007,0.000494,passed,passed,passed,257.4656
842,tests/test_summary_publication.py::test_version_scope_and_stage_refused_without_echo,0.002,0.001049,0.000359,passed,passed,passed,257.4696
843,tests/test_summary_publication.py::test_version_scope_and_stage_refused_without_echo,0.00153,0.000843,0.000299,passed,passed,passed,257.4729
844,tests/test_summary_publication.py::test_report_current_run_attempt_sha_cluster_binding_is_required,0.001418,0.000855,0.000299,passed,passed,passed,257.476
845,tests/test_summary_publication.py::test_report_current_run_attempt_sha_cluster_binding_is_required,0.001425,0.000906,0.000311,passed,passed,passed,257.4792
846,tests/test_summary_publication.py::test_report_current_run_attempt_sha_cluster_binding_is_required,0.00143,0.000854,0.000303,passed,passed,passed,257.4824
847,tests/test_summary_publication.py::test_report_current_run_attempt_sha_cluster_binding_is_required,0.001819,0.000841,0.000299,passed,passed,passed,257.486
848,tests/test_summary_publication.py::test_report_current_run_attempt_sha_cluster_binding_is_required,0.001453,0.000847,0.000304,passed,passed,passed,257.4891
849,tests/test_summary_publication.py::test_invalid_non_utf8_duplicate_and_oversize_report_has_fixed_state,0.001433,0.000771,0.000293,passed,passed,passed,257.4922
850,tests/test_summary_publication.py::test_invalid_non_utf8_duplicate_and_oversize_report_has_fixed_state,0.001382,0.000813,0.000512,passed,passed,passed,257.4954
851,tests/test_summary_publication.py::test_invalid_non_utf8_duplicate_and_oversize_report_has_fixed_state,0.00138,0.00076,0.000298,passed,passed,passed,257.4984
852,tests/test_summary_publication.py::test_invalid_non_utf8_duplicate_and_oversize_report_has_fixed_state,0.001426,0.000746,0.000535,passed,passed,passed,257.5017
853,tests/test_summary_publication.py::test_invalid_non_utf8_duplicate_and_oversize_report_has_fixed_state,0.00227,0.000838,0.000406,passed,passed,passed,257.5065
854,tests/test_summary_publication.py::test_invalid_non_utf8_duplicate_and_oversize_report_has_fixed_state,0.001365,0.000724,0.000344,passed,passed,passed,257.5095
855,tests/test_summary_publication.py::test_counts_ids_and_cleanup_metadata_never_echo_unapproved_values,0.001336,0.002978,0.000435,passed,passed,passed,257.5148
856,tests/test_summary_publication.py::test_case_id_limit_and_failure_id_limit_are_enforced,0.001301,0.002337,0.000305,passed,passed,passed,257.5193
857,tests/test_summary_publication.py::test_root_outside_bound_runner_temp_and_report_links_refused,0.001309,0.00084,0.000291,passed,passed,passed,257.5223
858,tests/test_summary_publication.py::test_reparse_attributes_are_refused_without_reading_target,0.000402,0.00056,0.000286,passed,passed,passed,257.5241
859,tests/test_summary_publication.py::test_unreadable_report_does_not_print_exception_or_path,0.001342,0.000959,0.000314,passed,passed,passed,257.5273
860,tests/test_summary_publication.py::test_console_failure_does_not_suppress_summary_file,0.001744,0.002176,0.000309,passed,passed,passed,257.5321
861,tests/test_summary_publication.py::test_summary_file_failure_does_not_suppress_safe_console,0.001608,0.002091,0.00041,passed,passed,passed,257.5367
862,tests/test_summary_publication.py::test_suite_report_persistence_failure_still_attempts_public_outputs,0.001551,0.000736,0.000327,passed,passed,passed,257.54
863,tests/test_summary_publication.py::test_suite_console_failure_still_persists_report_and_step_summary,0.001372,0.000853,0.000294,passed,passed,passed,257.5431
864,tests/test_summary_publication.py::test_atomic_checkpoint_failure_keeps_previous_complete_record,0.001377,0.001187,0.000363,passed,passed,passed,257.5466
865,tests/test_summary_publication.py::test_real_publisher_CLI_deep_json_and_path_loops_have_no_traceback,0.001392,0.035625,0.000346,passed,passed,passed,257.5845
866,tests/test_summary_publication.py::test_real_publisher_CLI_deep_json_and_path_loops_have_no_traceback,0.003675,0.037926,0.000403,passed,passed,passed,257.6272
867,tests/test_summary_publication.py::test_real_publisher_CLI_deep_json_and_path_loops_have_no_traceback,0.002352,0.036766,0.000446,passed,passed,passed,257.6675
868,tests/test_summary_publication.py::test_coordinator_checkpoints_cover_API_restart_browser_and_final_stop,0.00183,0.007313,0.000336,passed,passed,passed,257.6777
869,tests/test_synthetic_session_file.py::test_session_owner_verified_with_unchanged_dacl_before_stream_transfer,0.000292,0.000406,0.000261,passed,passed,passed,257.6793
870,tests/test_synthetic_session_file.py::test_session_owner_failure_never_exposes_token_stream_or_reopens,0.000422,0.000388,0.000267,passed,passed,passed,257.681
871,tests/test_synthetic_session_file.py::test_session_owner_failure_never_exposes_token_stream_or_reopens,0.000395,0.000308,0.000258,passed,passed,passed,257.6825
872,tests/test_synthetic_session_file.py::test_session_owner_failure_never_exposes_token_stream_or_reopens,0.000397,0.000366,0.000417,passed,passed,passed,257.6842
873,tests/test_synthetic_session_file.py::test_session_owner_failure_never_exposes_token_stream_or_reopens,0.00059,0.000555,0.000439,passed,passed,passed,257.6864
874,tests/test_synthetic_session_file.py::test_session_owner_failure_never_exposes_token_stream_or_reopens,0.000524,0.001289,0.000295,passed,passed,passed,257.6891
875,tests/test_synthetic_session_file.py::test_session_owner_failure_never_exposes_token_stream_or_reopens,0.002545,0.000367,0.000274,passed,passed,passed,257.6929
876,tests/test_synthetic_session_file.py::test_session_owner_failure_never_exposes_token_stream_or_reopens,0.00043,0.000343,0.000283,passed,passed,passed,257.6946
877,tests/test_synthetic_session_file.py::test_session_dacl_difference_refused_before_any_token_write,0.002383,0.000496,0.000273,passed,passed,passed,257.6983
878,tests/test_synthetic_session_file.py::test_session_other_path_refused_before_backend_access,0.000404,0.000493,0.000255,passed,passed,passed,257.7
879,tests/test_synthetic_session_file.py::test_native_session_owner_matches_current_user_and_existing_bytes_protected,0.000326,,0.000416,skipped,,passed,257.7013
880,tests/test_synthetic_session_file.py::test_session_crt_transfer_then_text_wrap_failure_closes_fd_once_without_handle_close,0.000591,0.000649,0.000297,passed,passed,passed,257.7035
881,tests/test_synthetic_session_file.py::test_session_crt_transfer_then_text_wrap_failure_closes_fd_once_without_handle_close,0.000425,0.000415,0.000431,passed,passed,passed,257.7052
882,tests/test_utf8_sources.py::test_acceptance_old_default_cp1252_failure_and_current_utf8_specs_report,0.000799,0.01852,0.000342,passed,passed,passed,257.7256
883,tests/test_utf8_sources.py::test_actual_chinese_UI_http_under_non_utf8_path_default,0.000939,0.685095,0.000606,passed,passed,passed,258.413
884,tests/test_utf8_sources.py::test_actual_chinese_UI_http_under_non_utf8_path_default,0.001294,0.682686,0.00056,passed,passed,passed,259.0986
885,tests/test_v1_contracts.py::test_actual_v1_minimum_contracts_validate_but_cannot_publish_or_execute,0.626327,0.014041,0.17187,passed,passed,passed,259.9119
886,tests/test_v1_contracts.py::test_v1_required_field_absence_rejected_without_effect,0.617771,0.005664,0.221931,passed,passed,passed,260.7582
887,tests/test_v1_contracts.py::test_v1_required_field_absence_rejected_without_effect,0.675519,0.005766,0.174213,passed,passed,passed,261.6149
888,tests/test_v1_contracts.py::test_v1_required_field_absence_rejected_without_effect,0.777195,0.006621,0.222915,passed,passed,passed,262.6228
889,tests/test_v1_contracts.py::test_v1_required_field_absence_rejected_without_effect,0.675106,0.006671,0.172373,passed,passed,passed,263.4804
890,tests/test_v1_contracts.py::test_v1_required_field_absence_rejected_without_effect,0.626822,0.00622,0.220791,passed,passed,passed,264.3353
891,tests/test_v1_contracts.py::test_v1_required_field_absence_rejected_without_effect,0.62907,0.005862,0.22149,passed,passed,passed,265.1927
892,tests/test_v1_contracts.py::test_v1_required_field_absence_rejected_without_effect,0.625699,0.006081,0.221533,passed,passed,passed,266.047
893,tests/test_v1_contracts.py::test_v1_source_deadline_tool_and_rule_boundaries,0.66491,0.013624,0.172363,passed,passed,passed,266.8989
894,tests/test_windows_ci_preparation.py::test_ci_python_guards_refuse_linux_without_writes,0.001563,0.036851,0.000559,passed,passed,passed,266.9388
895,tests/test_windows_ci_preparation.py::test_ci_python_guards_refuse_linux_without_writes,0.001113,0.065336,0.00076,passed,passed,passed,267.0068
896,tests/test_windows_ci_preparation.py::test_server_guard_checks_actual_product_type_and_build,0.000916,0.001033,0.000359,passed,passed,passed,267.0099
897,tests/test_windows_ci_preparation.py::test_server_guard_checks_actual_product_type_and_build,0.000925,0.000824,0.000727,passed,passed,passed,267.0129
898,tests/test_windows_ci_preparation.py::test_server_guard_checks_actual_product_type_and_build,0.00052,0.000854,0.000722,passed,passed,passed,267.0156
899,tests/test_windows_ci_preparation.py::test_server_guard_checks_actual_product_type_and_build,0.000845,0.000701,0.000445,passed,passed,passed,267.0181
900,tests/test_windows_ci_preparation.py::test_ci_workflow_scope_is_narrow_read_only_and_unpublished,0.000566,0.000512,0.000405,passed,passed,passed,267.0201
901,tests/test_windows_ci_preparation.py::test_ci_scripts_only_new_cluster_no_service_uac_policy_mutation,0.000463,0.000618,0.000388,passed,passed,passed,267.0221
902,tests/test_windows_ci_preparation.py::test_chromedriver_commands_loopback_json_and_error_rejection,0.0003,0.001728,0.000288,passed,passed,passed,267.025
903,tests/test_windows_ci_preparation.py::test_browser_process_requires_explicit_native_binding,0.000618,0.001158,0.000296,passed,passed,passed,267.0275
904,tests/test_windows_ci_preparation.py::test_suite_keeps_independent_checks_after_setup_failure,0.001168,0.004093,0.000475,passed,passed,passed,267.0338
905,tests/test_windows_ci_preparation.py::test_blocker_record_does_not_invent_http_code_or_permissions,0.000425,0.000609,0.000459,passed,passed,passed,267.0358
906,tests/test_windows_ci_preparation.py::test_status_exit_success_cannot_prove_missing_foreign_or_malformed_services,0.000368,0.000954,0.000559,passed,passed,passed,267.0382
907,tests/test_windows_ci_preparation.py::test_status_exit_success_cannot_prove_missing_foreign_or_malformed_services,0.000739,0.00098,0.000601,passed,passed,passed,267.0412
908,tests/test_windows_ci_preparation.py::test_status_exit_success_cannot_prove_missing_foreign_or_malformed_services,0.000679,0.000869,0.000513,passed,passed,passed,267.0437
909,tests/test_windows_ci_preparation.py::test_status_exit_success_cannot_prove_missing_foreign_or_malformed_services,0.000733,0.000783,0.000421,passed,passed,passed,267.0462
910,tests/test_windows_ci_preparation.py::test_status_exit_success_cannot_prove_missing_foreign_or_malformed_services,0.000569,0.000772,0.000413,passed,passed,passed,267.0485
911,tests/test_windows_ci_preparation.py::test_suite_marks_exit_zero_status_identity_failure_and_keeps_other_phases,0.000968,0.005456,0.000463,passed,passed,passed,267.0559
912,tests/test_windows_ci_preparation.py::test_case_rendering_oracle_requires_actual_goal_and_rejects_script_node,0.000434,0.000707,0.000422,passed,passed,passed,267.0581
913,tests/test_windows_ci_preparation.py::test_cleanup_summary_uses_structured_categories_never_raw_exception_notes,0.00036,0.001241,0.000336,passed,passed,passed,267.0605
914,tests/test_windows_file_candidate.py::test_candidate_flow_opens_relative_once_keeps_handles_and_checks_acl_twice,0.000595,0.000658,0.000695,passed,passed,passed,267.0631
915,tests/test_windows_file_candidate.py::test_root_path_refuses_ambiguous_namespace_alias_ads_and_traversal,0.000701,0.000645,0.00065,passed,passed,passed,267.0656
916,tests/test_windows_file_candidate.py::test_root_path_refuses_ambiguous_namespace_alias_ads_and_traversal,0.000709,0.000726,0.000294,passed,passed,passed,267.0679
917,tests/test_windows_file_candidate.py::test_root_path_refuses_ambiguous_namespace_alias_ads_and_traversal,0.000647,0.000673,0.000276,passed,passed,passed,267.07
918,tests/test_windows_file_candidate.py::test_root_path_refuses_ambiguous_namespace_alias_ads_and_traversal,0.001018,0.000441,0.000412,passed,passed,passed,267.0724
919,tests/test_windows_file_candidate.py::test_root_path_refuses_ambiguous_namespace_alias_ads_and_traversal,0.000489,0.000443,0.000398,passed,passed,passed,267.0742
920,tests/test_windows_file_candidate.py::test_root_path_refuses_ambiguous_namespace_alias_ads_and_traversal,0.000435,0.000569,0.0005,passed,passed,passed,267.0763
921,tests/test_windows_file_candidate.py::test_root_path_refuses_ambiguous_namespace_alias_ads_and_traversal,0.000598,0.000533,0.000507,passed,passed,passed,267.0784
922,tests/test_windows_file_candidate.py::test_root_path_refuses_ambiguous_namespace_alias_ads_and_traversal,0.000718,0.00056,0.000515,passed,passed,passed,267.0808
923,tests/test_windows_file_candidate.py::test_root_path_refuses_ambiguous_namespace_alias_ads_and_traversal,0.000668,0.000322,0.000596,passed,passed,passed,267.0828
924,tests/test_windows_file_candidate.py::test_root_path_refuses_ambiguous_namespace_alias_ads_and_traversal,0.000649,0.0005,0.000567,passed,passed,passed,267.085
925,tests/test_windows_file_candidate.py::test_root_path_refuses_ambiguous_namespace_alias_ads_and_traversal,0.000604,0.000557,0.000516,passed,passed,passed,267.0872
926,tests/test_windows_file_candidate.py::test_root_path_refuses_ambiguous_namespace_alias_ads_and_traversal,0.00067,0.000563,0.00062,passed,passed,passed,267.0895
927,tests/test_windows_file_candidate.py::test_root_path_refuses_ambiguous_namespace_alias_ads_and_traversal,0.000346,0.000615,0.000604,passed,passed,passed,267.0916
928,tests/test_windows_file_candidate.py::test_root_path_refuses_ambiguous_namespace_alias_ads_and_traversal,0.000348,0.00069,0.000285,passed,passed,passed,267.0934
929,tests/test_windows_file_candidate.py::test_root_path_refuses_ambiguous_namespace_alias_ads_and_traversal,0.00062,0.000729,0.000316,passed,passed,passed,267.0955
930,tests/test_windows_file_candidate.py::test_root_path_refuses_ambiguous_namespace_alias_ads_and_traversal,0.000817,0.00032,0.000563,passed,passed,passed,267.0977
931,tests/test_windows_file_candidate.py::test_root_path_refuses_ambiguous_namespace_alias_ads_and_traversal,0.000781,0.000323,0.000474,passed,passed,passed,267.1001
932,tests/test_windows_file_candidate.py::test_root_path_refuses_ambiguous_namespace_alias_ads_and_traversal,0.000653,0.000469,0.000403,passed,passed,passed,267.1021
933,tests/test_windows_file_candidate.py::test_root_path_refuses_ambiguous_namespace_alias_ads_and_traversal,0.000415,0.000664,0.000279,passed,passed,passed,267.104
934,tests/test_windows_file_candidate.py::test_root_path_refuses_ambiguous_namespace_alias_ads_and_traversal,0.000606,0.000636,0.000262,passed,passed,passed,267.1059
935,tests/test_windows_file_candidate.py::test_logical_resource_only_canonical_uuid_and_frozen_integrity,0.000717,0.000636,0.000271,passed,passed,passed,267.108
936,tests/test_windows_file_candidate.py::test_logical_resource_only_canonical_uuid_and_frozen_integrity,0.000676,0.000542,0.000512,passed,passed,passed,267.1103
937,tests/test_windows_file_candidate.py::test_logical_resource_only_canonical_uuid_and_frozen_integrity,0.000667,0.000566,0.000623,passed,passed,passed,267.1126
938,tests/test_windows_file_candidate.py::test_logical_resource_only_canonical_uuid_and_frozen_integrity,0.000383,0.000581,0.00066,passed,passed,passed,267.1147
939,tests/test_windows_file_candidate.py::test_logical_resource_only_canonical_uuid_and_frozen_integrity,0.000398,0.000629,0.000522,passed,passed,passed,267.1167
940,tests/test_windows_file_candidate.py::test_logical_resource_only_canonical_uuid_and_frozen_integrity,0.000685,0.000542,0.000612,passed,passed,passed,267.119
941,tests/test_windows_file_candidate.py::test_logical_resource_only_canonical_uuid_and_frozen_integrity,0.000701,0.000632,0.000482,passed,passed,passed,267.1213
942,tests/test_windows_file_candidate.py::test_logical_resource_only_canonical_uuid_and_frozen_integrity,0.000825,0.000389,0.000758,passed,passed,passed,267.1239
943,tests/test_windows_file_candidate.py::test_unsafe_or_unsupported_acl_refused_without_mutators,0.000404,0.000692,0.000334,passed,passed,passed,267.1258
944,tests/test_windows_file_candidate.py::test_unsafe_or_unsupported_acl_refused_without_mutators,0.000851,0.000313,0.000722,passed,passed,passed,267.1281
945,tests/test_windows_file_candidate.py::test_unsafe_or_unsupported_acl_refused_without_mutators,0.000405,0.000578,0.000522,passed,passed,passed,267.1301
946,tests/test_windows_file_candidate.py::test_unsafe_or_unsupported_acl_refused_without_mutators,0.000608,0.000652,0.000264,passed,passed,passed,267.1321
947,tests/test_windows_file_candidate.py::test_unsafe_or_unsupported_acl_refused_without_mutators,0.000643,0.000643,0.000265,passed,passed,passed,267.1341
948,tests/test_windows_file_candidate.py::test_unsafe_or_unsupported_acl_refused_without_mutators,0.000628,0.00063,0.000657,passed,passed,passed,267.1365
949,tests/test_windows_file_candidate.py::test_unsafe_or_unsupported_acl_refused_without_mutators,0.000346,0.000627,0.000639,passed,passed,passed,267.1386
950,tests/test_windows_file_candidate.py::test_unsafe_or_unsupported_acl_refused_without_mutators,0.000352,0.000555,0.000592,passed,passed,passed,267.1406
951,tests/test_windows_file_candidate.py::test_unsafe_or_unsupported_acl_refused_without_mutators,0.000446,0.000594,0.000663,passed,passed,passed,267.1428
952,tests/test_windows_file_candidate.py::test_unsafe_or_unsupported_acl_refused_without_mutators,0.000347,0.000577,0.000503,passed,passed,passed,267.1447
953,tests/test_windows_file_candidate.py::test_unsafe_or_unsupported_acl_refused_without_mutators,0.000703,0.000286,0.000571,passed,passed,passed,267.1467
954,tests/test_windows_file_candidate.py::test_known_trusted_sid_allow_and_simple_foreign_deny_supported,0.000591,0.000287,0.000515,passed,passed,passed,267.1486
955,tests/test_windows_file_candidate.py::test_reparse_every_component_and_bad_object_refused_handles_close,0.000675,0.000803,0.00035,passed,passed,passed,267.1509
956,tests/test_windows_file_candidate.py::test_reparse_every_component_and_bad_object_refused_handles_close,0.000842,0.00043,0.000686,passed,passed,passed,267.1534
957,tests/test_windows_file_candidate.py::test_reparse_every_component_and_bad_object_refused_handles_close,0.000413,0.000828,0.000282,passed,passed,passed,267.1555
958,tests/test_windows_file_candidate.py::test_reparse_every_component_and_bad_object_refused_handles_close,0.000859,0.000388,0.000546,passed,passed,passed,267.1578
959,tests/test_windows_file_candidate.py::test_reparse_every_component_and_bad_object_refused_handles_close,0.000757,0.000375,0.000547,passed,passed,passed,267.1599
960,tests/test_windows_file_candidate.py::test_reparse_every_component_and_bad_object_refused_handles_close,0.000723,0.000379,0.00053,passed,passed,passed,267.1621
961,tests/test_windows_file_candidate.py::test_reparse_every_component_and_bad_object_refused_handles_close,0.000665,0.000709,0.000279,passed,passed,passed,267.1642
962,tests/test_windows_file_candidate.py::test_reparse_every_component_and_bad_object_refused_handles_close,0.000735,0.000667,0.000545,passed,passed,passed,267.1667
963,tests/test_windows_file_candidate.py::test_reparse_every_component_and_bad_object_refused_handles_close,0.000436,0.000439,0.000267,passed,passed,passed,267.1684
964,tests/test_windows_file_candidate.py::test_reparse_every_component_and_bad_object_refused_handles_close,0.00044,0.000418,0.000269,passed,passed,passed,267.1701
965,tests/test_windows_file_candidate.py::test_reparse_every_component_and_bad_object_refused_handles_close,0.00057,0.000417,0.000274,passed,passed,passed,267.1719
966,tests/test_windows_file_candidate.py::test_reparse_every_component_and_bad_object_refused_handles_close,0.000496,0.000407,0.000289,passed,passed,passed,267.1736
967,tests/test_windows_file_candidate.py::test_private_root_files_and_file_each_enforce_acl,0.000366,0.000415,0.000258,passed,passed,passed,267.1752
968,tests/test_windows_file_candidate.py::test_private_root_files_and_file_each_enforce_acl,0.000456,0.0004,0.000272,passed,passed,passed,267.1768
969,tests/test_windows_file_candidate.py::test_private_root_files_and_file_each_enforce_acl,0.000364,0.000411,0.00041,passed,passed,passed,267.1785
970,tests/test_windows_file_candidate.py::test_read_integrity_and_post_read_security_fail_closed,0.000382,0.000548,0.000468,passed,passed,passed,267.1805
971,tests/test_windows_file_candidate.py::test_read_integrity_and_post_read_security_fail_closed,0.000528,0.000607,0.000273,passed,passed,passed,267.1825
972,tests/test_windows_file_candidate.py::test_read_integrity_and_post_read_security_fail_closed,0.000666,0.000646,0.00053,passed,passed,passed,267.1849
973,tests/test_windows_file_candidate.py::test_read_integrity_and_post_read_security_fail_closed,0.000839,0.000556,0.000484,passed,passed,passed,267.1873
974,tests/test_windows_file_candidate.py::test_read_integrity_and_post_read_security_fail_closed,0.000481,0.000534,0.000416,passed,passed,passed,267.1892
975,tests/test_windows_file_candidate.py::test_read_integrity_and_post_read_security_fail_closed,0.00036,0.000713,0.000506,passed,passed,passed,267.1913
976,tests/test_windows_file_candidate.py::test_read_integrity_and_post_read_security_fail_closed,0.000615,0.000587,0.000548,passed,passed,passed,267.1936
977,tests/test_windows_file_candidate.py::test_read_integrity_and_post_read_security_fail_closed,0.000644,0.000647,0.000407,passed,passed,passed,267.1961
978,tests/test_windows_file_candidate.py::test_x64_abi_layout_explicit_fixed_width_not_linux_c_ulong,0.000442,0.000413,0.000294,passed,passed,passed,267.1977
979,tests/test_windows_file_candidate.py::test_linux_does_not_load_dll_or_expose_unsafe_fallback,0.000625,0.000788,0.000277,passed,passed,passed,267.2
980,tests/test_windows_file_candidate.py::test_native_relative_open_arguments_never_reopen_full_path_or_request_write,0.000535,0.000949,0.000263,passed,passed,passed,267.2022
981,tests/test_windows_file_candidate.py::test_native_relative_unknown_status_closes_returned_handle_without_fallback,0.00074,0.00047,0.000531,passed,passed,passed,267.2044
982,tests/test_windows_file_candidate.py::test_native_probe_linux_guard_never_writes_supplied_path,0.001063,0.249265,0.000757,passed,passed,passed,267.4563
983,tests/test_worker_gateway.py::test_real_api_worker_unknown_reconcile_outbox_and_no_duplicate,0.674622,0.960467,0.223168,passed,passed,passed,269.3157
984,tests/test_worker_gateway.py::test_real_worker_crash_old_callback_control_and_effect_visibility,0.659202,0.622209,0.222255,passed,passed,passed,270.8204
985,tests/test_worker_gateway.py::test_real_worker_crash_old_callback_control_and_effect_visibility,0.690555,0.60736,0.171974,passed,passed,passed,272.2919
986,tests/test_worker_gateway.py::test_actual_expiry_recovery_after_crash_does_not_dispatch_again,0.637239,1.661681,0.171535,passed,passed,passed,274.7634
987,tests/test_worker_gateway.py::test_crash_without_observed_effect_stays_unknown_and_stops_automatic_queries,0.622385,4.863492,0.171663,passed,passed,passed,280.422
988,tests/test_worker_gateway.py::test_real_worker_revocation_before_dispatch_and_after_effect,0.662881,0.568895,0.223067,passed,passed,passed,281.878
989,tests/test_worker_gateway.py::test_real_worker_revocation_before_dispatch_and_after_effect,0.678735,1.929801,0.171703,passed,passed,passed,284.6592
990,tests/test_worker_gateway.py::test_real_gateway_scope_read_cancel_and_manual_reconcile,0.6222,0.337308,0.170891,passed,passed,passed,285.7907
991,tests/test_worker_gateway.py::test_real_gateway_scope_read_cancel_and_manual_reconcile,0.613256,0.339536,0.171157,passed,passed,passed,286.9158
992,tests/test_worker_gateway.py::test_local_and_fixture_use_same_worker_gateway,0.62553,0.304437,0.221801,passed,passed,passed,288.0688
993,tests/test_worker_gateway.py::test_current_migration_is_idempotent_preserves_existing_records,0.136308,0.037588,0.006075,passed,passed,passed,288.2497
994,tests/test_worker_gateway.py::test_invalid_receipt_rejected_by_actual_worker_gateway,0.676251,0.583509,0.222332,passed,passed,passed,289.7331
995,tests/test_worker_gateway.py::test_upgrade_legacy_database_preserves_business_history,0.000651,0.103513,0.000655,passed,passed,passed,289.8389
996,tests/test_worker_gateway.py::test_default_worker_cannot_dispatch_explicit_fixture_action,0.663283,0.596522,0.173166,passed,passed,passed,291.273
